timeStamp,elapsed,label,responseCode,responseMessage,threadName,dataType,success,failureMessage,bytes,sentBytes,grpThreads,allThreads,URL,Latency,IdleTime,Connect
1538057633997,38,HTTP Request,200,,UserRest - Spike test 2-100,text,true,,3126,139,4,70,http://10.0.10.10:9966/petclinic/api/owners,37,0,0
1538057634017,20,HTTP Request,200,,UserRest - Spike test 2-98,text,true,,3126,139,5,71,http://10.0.10.10:9966/petclinic/api/owners,20,0,1
1538057634077,25,HTTP Request,200,,UserRest - Spike test 2-92,text,true,,3126,139,11,78,http://10.0.10.10:9966/petclinic/api/owners,25,0,0
1538057634102,10,HTTP Request,200,,UserRest - Spike test 2-92,text,true,,3126,139,12,79,http://10.0.10.10:9966/petclinic/api/owners,10,0,1
1538057634087,38,HTTP Request,200,,UserRest - Spike test 2-91,text,true,,3126,139,13,80,http://10.0.10.10:9966/petclinic/api/owners,38,0,0
1538057634107,18,HTTP Request,200,,UserRest - Spike test 2-89,text,true,,3126,139,13,80,http://10.0.10.10:9966/petclinic/api/owners,18,0,1
1538057634112,20,HTTP Request,200,,UserRest - Spike test 2-92,text,true,,3126,139,14,81,http://10.0.10.10:9966/petclinic/api/owners,20,0,1
1538057634125,10,HTTP Request,200,,UserRest - Spike test 2-91,text,true,,3126,139,14,81,http://10.0.10.10:9966/petclinic/api/owners,10,0,0
1538057634067,71,HTTP Request,200,,UserRest - Spike test 2-93,text,true,,3126,139,15,82,http://10.0.10.10:9966/petclinic/api/owners,70,0,0
1538057634132,8,HTTP Request,200,,UserRest - Spike test 2-92,text,true,,3126,139,15,82,http://10.0.10.10:9966/petclinic/api/owners,7,0,1
1538057634125,22,HTTP Request,200,,UserRest - Spike test 2-89,text,true,,3126,139,16,83,http://10.0.10.10:9966/petclinic/api/owners,22,0,0
1538057634117,32,HTTP Request,200,,UserRest - Spike test 2-88,text,true,,3126,139,16,83,http://10.0.10.10:9966/petclinic/api/owners,31,0,1
1538057634140,32,HTTP Request,200,,UserRest - Spike test 2-92,text,true,,3126,139,18,85,http://10.0.10.10:9966/petclinic/api/owners,31,0,1
1538057634006,171,HTTP Request,200,,UserRest - Spike test 2-99,text,true,,3126,139,19,86,http://10.0.10.10:9966/petclinic/api/owners,171,0,1
1538057634148,33,HTTP Request,200,,UserRest - Spike test 2-89,text,true,,3126,139,19,86,http://10.0.10.10:9966/petclinic/api/owners,33,0,0
1538057634138,45,HTTP Request,200,,UserRest - Spike test 2-93,text,true,,3126,139,19,86,http://10.0.10.10:9966/petclinic/api/owners,45,0,1
1538057634047,142,HTTP Request,200,,UserRest - Spike test 2-95,text,true,,3126,139,20,87,http://10.0.10.10:9966/petclinic/api/owners,142,0,0
1538057634147,49,HTTP Request,200,,UserRest - Spike test 2-85,text,true,,3126,139,20,87,http://10.0.10.10:9966/petclinic/api/owners,49,0,1
1538057634149,49,HTTP Request,200,,UserRest - Spike test 2-88,text,true,,3126,139,21,88,http://10.0.10.10:9966/petclinic/api/owners,49,0,1
1538057634189,20,HTTP Request,200,,UserRest - Spike test 2-95,text,true,,3126,139,22,89,http://10.0.10.10:9966/petclinic/api/owners,20,0,0
1538057634167,49,HTTP Request,200,,UserRest - Spike test 2-83,text,true,,3126,139,23,90,http://10.0.10.10:9966/petclinic/api/owners,49,0,0
1538057634187,31,HTTP Request,200,,UserRest - Spike test 2-81,text,true,,3126,139,23,90,http://10.0.10.10:9966/petclinic/api/owners,31,0,1
1538057634172,48,HTTP Request,200,,UserRest - Spike test 2-92,text,true,,3126,139,23,90,http://10.0.10.10:9966/petclinic/api/owners,48,0,1
1538057634135,93,HTTP Request,200,,UserRest - Spike test 2-91,text,true,,3126,139,24,91,http://10.0.10.10:9966/petclinic/api/owners,93,0,1
1538057634177,52,HTTP Request,200,,UserRest - Spike test 2-99,text,true,,3126,139,24,91,http://10.0.10.10:9966/petclinic/api/owners,38,0,1
1538057634097,149,HTTP Request,200,,UserRest - Spike test 2-90,text,true,,3126,139,25,92,http://10.0.10.10:9966/petclinic/api/owners,149,0,0
1538057634197,50,HTTP Request,200,,UserRest - Spike test 2-80,text,true,,3126,139,26,93,http://10.0.10.10:9966/petclinic/api/owners,50,0,1
1538057634226,28,HTTP Request,200,,UserRest - Spike test 2-77,text,true,,3126,139,26,93,http://10.0.10.10:9966/petclinic/api/owners,28,0,2
1538057634209,47,HTTP Request,200,,UserRest - Spike test 2-95,text,true,,3126,139,26,93,http://10.0.10.10:9966/petclinic/api/owners,47,0,1
1538057634207,57,HTTP Request,200,,UserRest - Spike test 2-79,text,true,,3126,139,27,94,http://10.0.10.10:9966/petclinic/api/owners,57,0,0
1538057634037,227,HTTP Request,200,,UserRest - Spike test 2-96,text,true,,3126,139,27,94,http://10.0.10.10:9966/petclinic/api/owners,227,0,0
1538057634229,46,HTTP Request,200,,UserRest - Spike test 2-99,text,true,,3126,139,28,95,http://10.0.10.10:9966/petclinic/api/owners,46,0,1
1538057634220,55,HTTP Request,200,,UserRest - Spike test 2-92,text,true,,3126,139,28,95,http://10.0.10.10:9966/petclinic/api/owners,55,0,0
1538057634228,81,HTTP Request,200,,UserRest - Spike test 2-91,text,true,,3126,139,32,99,http://10.0.10.10:9966/petclinic/api/owners,81,0,0
1538057634237,75,HTTP Request,200,,UserRest - Spike test 2-76,text,true,,3126,139,32,99,http://10.0.10.10:9966/petclinic/api/owners,75,0,1
1538057634217,97,HTTP Request,200,,UserRest - Spike test 2-78,text,true,,3126,139,32,99,http://10.0.10.10:9966/petclinic/api/owners,97,0,0
1538057634177,138,HTTP Request,200,,UserRest - Spike test 2-82,text,true,,3126,139,32,99,http://10.0.10.10:9966/petclinic/api/owners,138,0,1
1538057634036,282,HTTP Request,200,,UserRest - Spike test 2-100,text,true,,3126,139,33,100,http://10.0.10.10:9966/petclinic/api/owners,282,0,1
1538057634181,142,HTTP Request,200,,UserRest - Spike test 2-89,text,true,,3126,139,33,100,http://10.0.10.10:9966/petclinic/api/owners,142,0,1
1538057634027,303,HTTP Request,200,,UserRest - Spike test 2-97,text,true,,3126,139,34,101,http://10.0.10.10:9966/petclinic/api/owners,303,0,1
1538057634127,209,HTTP Request,200,,UserRest - Spike test 2-87,text,true,,3126,139,34,101,http://10.0.10.10:9966/petclinic/api/owners,209,0,0
1538057634247,94,HTTP Request,200,,UserRest - Spike test 2-90,text,true,,3126,139,35,102,http://10.0.10.10:9966/petclinic/api/owners,94,0,2
1538057634307,37,HTTP Request,200,,UserRest - Spike test 2-69,text,true,,3126,139,35,102,http://10.0.10.10:9966/petclinic/api/owners,37,0,0
1538057634264,89,HTTP Request,200,,UserRest - Spike test 2-79,text,true,,3126,139,36,103,http://10.0.10.10:9966/petclinic/api/owners,89,0,1
1538057634157,198,HTTP Request,200,,UserRest - Spike test 2-84,text,true,,3126,139,36,103,http://10.0.10.10:9966/petclinic/api/owners,197,0,1
1538057634287,70,HTTP Request,200,,UserRest - Spike test 2-71,text,true,,3126,139,37,104,http://10.0.10.10:9966/petclinic/api/owners,70,0,0
1538057634315,47,HTTP Request,200,,UserRest - Spike test 2-82,text,true,,3126,139,37,104,http://10.0.10.10:9966/petclinic/api/owners,47,0,0
1538057634330,34,HTTP Request,200,,UserRest - Spike test 2-97,text,true,,3126,139,37,104,http://10.0.10.10:9966/petclinic/api/owners,34,0,1
1538057634319,46,HTTP Request,200,,UserRest - Spike test 2-100,text,true,,3126,139,37,104,http://10.0.10.10:9966/petclinic/api/owners,46,0,0
1538057634314,54,HTTP Request,200,,UserRest - Spike test 2-78,text,true,,3126,139,38,105,http://10.0.10.10:9966/petclinic/api/owners,54,0,0
1538057634057,316,HTTP Request,200,,UserRest - Spike test 2-94,text,true,,3126,139,38,105,http://10.0.10.10:9966/petclinic/api/owners,316,0,7
1538057634309,67,HTTP Request,200,,UserRest - Spike test 2-91,text,true,,3126,139,38,105,http://10.0.10.10:9966/petclinic/api/owners,65,0,1
1538057634267,112,HTTP Request,200,,UserRest - Spike test 2-73,text,true,,3126,139,39,106,http://10.0.10.10:9966/petclinic/api/owners,112,0,0
1538057634265,115,HTTP Request,200,,UserRest - Spike test 2-96,text,true,,3126,139,39,106,http://10.0.10.10:9966/petclinic/api/owners,115,0,0
1538057634323,63,HTTP Request,200,,UserRest - Spike test 2-89,text,true,,3126,139,39,106,http://10.0.10.10:9966/petclinic/api/owners,62,0,1
1538057634197,192,HTTP Request,200,,UserRest - Spike test 2-85,text,true,,3126,139,40,107,http://10.0.10.10:9966/petclinic/api/owners,192,0,1
1538057634275,117,HTTP Request,200,,UserRest - Spike test 2-99,text,true,,3126,139,40,108,http://10.0.10.10:9966/petclinic/api/owners,117,0,1
1538057634297,96,HTTP Request,200,,UserRest - Spike test 2-70,text,true,,3126,139,40,108,http://10.0.10.10:9966/petclinic/api/owners,96,0,0
1538057634218,176,HTTP Request,200,,UserRest - Spike test 2-81,text,true,,3126,139,40,108,http://10.0.10.10:9966/petclinic/api/owners,175,0,2
1538057634337,60,HTTP Request,200,,UserRest - Spike test 2-87,text,true,,3126,139,41,109,http://10.0.10.10:9966/petclinic/api/owners,60,0,0
1538057634337,62,HTTP Request,200,,UserRest - Spike test 2-66,text,true,,3126,139,41,109,http://10.0.10.10:9966/petclinic/api/owners,61,0,0
1538057634341,59,HTTP Request,200,,UserRest - Spike test 2-90,text,true,,3126,139,41,109,http://10.0.10.10:9966/petclinic/api/owners,59,0,1
1538057634356,50,HTTP Request,200,,UserRest - Spike test 2-64,text,true,,3126,139,41,109,http://10.0.10.10:9966/petclinic/api/owners,50,0,1
1538057634355,52,HTTP Request,200,,UserRest - Spike test 2-84,text,true,,3126,139,42,110,http://10.0.10.10:9966/petclinic/api/owners,52,0,1
1538057634386,22,HTTP Request,200,,UserRest - Spike test 2-89,text,true,,3126,139,42,110,http://10.0.10.10:9966/petclinic/api/owners,21,0,1
1538057634357,54,HTTP Request,200,,UserRest - Spike test 2-71,text,true,,3126,139,42,110,http://10.0.10.10:9966/petclinic/api/owners,54,0,1
1538057634198,214,HTTP Request,200,,UserRest - Spike test 2-88,text,true,,3126,139,42,110,http://10.0.10.10:9966/petclinic/api/owners,213,0,1
1538057634353,60,HTTP Request,200,,UserRest - Spike test 2-79,text,true,,3126,139,42,110,http://10.0.10.10:9966/petclinic/api/owners,60,0,0
1538057634344,73,HTTP Request,200,,UserRest - Spike test 2-69,text,true,,3126,139,42,110,http://10.0.10.10:9966/petclinic/api/owners,73,0,1
1538057634347,73,HTTP Request,200,,UserRest - Spike test 2-65,text,true,,3126,139,43,111,http://10.0.10.10:9966/petclinic/api/owners,72,0,0
1538057634217,204,HTTP Request,200,,UserRest - Spike test 2-83,text,true,,3126,139,43,111,http://10.0.10.10:9966/petclinic/api/owners,204,0,1
1538057634368,56,HTTP Request,200,,UserRest - Spike test 2-78,text,true,,3126,139,43,111,http://10.0.10.10:9966/petclinic/api/owners,56,0,0
1538057634362,64,HTTP Request,200,,UserRest - Spike test 2-82,text,true,,3126,139,43,111,http://10.0.10.10:9966/petclinic/api/owners,63,0,0
1538057634367,66,HTTP Request,200,,UserRest - Spike test 2-63,text,true,,3126,139,44,112,http://10.0.10.10:9966/petclinic/api/owners,65,0,1
1538057634364,75,HTTP Request,200,,UserRest - Spike test 2-97,text,true,,3126,139,45,113,http://10.0.10.10:9966/petclinic/api/owners,75,0,1
1538057634373,67,HTTP Request,200,,UserRest - Spike test 2-94,text,true,,3126,139,45,113,http://10.0.10.10:9966/petclinic/api/owners,67,0,1
1538057634379,71,HTTP Request,200,,UserRest - Spike test 2-73,text,true,,3126,139,46,114,http://10.0.10.10:9966/petclinic/api/owners,71,0,0
1538057634393,59,HTTP Request,200,,UserRest - Spike test 2-70,text,true,,3126,139,46,114,http://10.0.10.10:9966/petclinic/api/owners,58,0,0
1538057634400,54,HTTP Request,200,,UserRest - Spike test 2-90,text,true,,3126,139,46,114,http://10.0.10.10:9966/petclinic/api/owners,54,0,1
1538057634396,65,HTTP Request,200,,UserRest - Spike test 2-60,text,true,,3126,139,47,115,http://10.0.10.10:9966/petclinic/api/owners,65,0,1
1538057634406,58,HTTP Request,200,,UserRest - Spike test 2-64,text,true,,3126,139,47,115,http://10.0.10.10:9966/petclinic/api/owners,58,0,1
1538057634407,59,HTTP Request,200,,UserRest - Spike test 2-59,text,true,,3126,139,47,115,http://10.0.10.10:9966/petclinic/api/owners,59,0,1
1538057634136,331,HTTP Request,200,,UserRest - Spike test 2-86,text,true,,3126,139,48,116,http://10.0.10.10:9966/petclinic/api/owners,331,0,1
1538057634392,77,HTTP Request,200,,UserRest - Spike test 2-99,text,true,,3126,139,48,116,http://10.0.10.10:9966/petclinic/api/owners,77,0,1
1538057634377,97,HTTP Request,200,,UserRest - Spike test 2-62,text,true,,3126,139,48,116,http://10.0.10.10:9966/petclinic/api/owners,97,0,0
1538057634427,52,HTTP Request,200,,UserRest - Spike test 2-57,text,true,,3126,139,49,117,http://10.0.10.10:9966/petclinic/api/owners,52,0,0
1538057634399,90,HTTP Request,200,,UserRest - Spike test 2-66,text,true,,3126,139,50,118,http://10.0.10.10:9966/petclinic/api/owners,90,0,1
1538057634412,81,HTTP Request,200,,UserRest - Spike test 2-88,text,true,,3126,139,50,118,http://10.0.10.10:9966/petclinic/api/owners,81,0,1
1538057634433,63,HTTP Request,200,,UserRest - Spike test 2-63,text,true,,3126,139,50,118,http://10.0.10.10:9966/petclinic/api/owners,63,0,0
1538057634397,102,HTTP Request,200,,UserRest - Spike test 2-87,text,true,,3126,139,51,119,http://10.0.10.10:9966/petclinic/api/owners,102,0,0
1538057634437,71,HTTP Request,200,,UserRest - Spike test 2-56,text,true,,3126,139,52,120,http://10.0.10.10:9966/petclinic/api/owners,71,0,0
1538057634450,68,HTTP Request,200,,UserRest - Spike test 2-73,text,true,,3126,139,53,121,http://10.0.10.10:9966/petclinic/api/owners,68,0,1
1538057634454,67,HTTP Request,200,,UserRest - Spike test 2-90,text,true,,3126,139,53,121,http://10.0.10.10:9966/petclinic/api/owners,67,0,2
1538057634465,60,HTTP Request,200,,UserRest - Spike test 2-64,text,true,,3126,139,53,121,http://10.0.10.10:9966/petclinic/api/owners,60,0,1
1538057634467,59,HTTP Request,200,,UserRest - Spike test 2-53,text,true,,3126,139,53,121,http://10.0.10.10:9966/petclinic/api/owners,59,0,0
1538057634461,67,HTTP Request,200,,UserRest - Spike test 2-60,text,true,,3126,139,54,122,http://10.0.10.10:9966/petclinic/api/owners,67,0,2
1538057634474,63,HTTP Request,200,,UserRest - Spike test 2-62,text,true,,3126,139,55,123,http://10.0.10.10:9966/petclinic/api/owners,63,0,1
1538057634468,76,HTTP Request,200,,UserRest - Spike test 2-86,text,true,,3126,139,55,123,http://10.0.10.10:9966/petclinic/api/owners,76,0,1
1538057634312,235,HTTP Request,200,,UserRest - Spike test 2-76,text,true,,3126,139,55,123,http://10.0.10.10:9966/petclinic/api/owners,235,0,1
1538057634254,303,HTTP Request,200,,UserRest - Spike test 2-77,text,true,,3126,139,57,125,http://10.0.10.10:9966/petclinic/api/owners,125,0,0
1538057634452,106,HTTP Request,200,,UserRest - Spike test 2-70,text,true,,3126,139,57,125,http://10.0.10.10:9966/petclinic/api/owners,106,0,1
1538057634277,283,HTTP Request,200,,UserRest - Spike test 2-72,text,true,,3126,139,57,125,http://10.0.10.10:9966/petclinic/api/owners,282,0,1
1538057634525,39,HTTP Request,200,,UserRest - Spike test 2-64,text,true,,3126,139,57,125,http://10.0.10.10:9966/petclinic/api/owners,30,0,2
1538057634038,527,HTTP Request,200,,UserRest - Spike test 2-98,text,true,,3126,139,57,125,http://10.0.10.10:9966/petclinic/api/owners,526,0,0
1538057634427,138,HTTP Request,200,,UserRest - Spike test 2-82,text,true,,3126,139,57,125,http://10.0.10.10:9966/petclinic/api/owners,138,0,0
1538057634457,110,HTTP Request,200,,UserRest - Spike test 2-54,text,true,,3126,139,58,126,http://10.0.10.10:9966/petclinic/api/owners,110,0,1
1538057634424,148,HTTP Request,200,,UserRest - Spike test 2-78,text,true,,3126,139,58,126,http://10.0.10.10:9966/petclinic/api/owners,148,0,1
1538057634493,87,HTTP Request,200,,UserRest - Spike test 2-88,text,true,,3126,139,59,127,http://10.0.10.10:9966/petclinic/api/owners,87,0,1
1538057634470,111,HTTP Request,200,,UserRest - Spike test 2-99,text,true,,3126,139,59,127,http://10.0.10.10:9966/petclinic/api/owners,111,0,1
1538057634381,202,HTTP Request,200,,UserRest - Spike test 2-96,text,true,,3126,139,59,127,http://10.0.10.10:9966/petclinic/api/owners,202,0,1
1538057634275,310,HTTP Request,200,,UserRest - Spike test 2-92,text,true,,3126,139,59,127,http://10.0.10.10:9966/petclinic/api/owners,310,0,1
1538057634183,403,HTTP Request,200,,UserRest - Spike test 2-93,text,true,,3126,139,59,127,http://10.0.10.10:9966/petclinic/api/owners,403,0,1
1538057634486,101,HTTP Request,200,,UserRest - Spike test 2-51,text,true,,3126,139,59,127,http://10.0.10.10:9966/petclinic/api/owners,100,0,1
1538057634247,340,HTTP Request,200,,UserRest - Spike test 2-80,text,true,,3126,139,59,127,http://10.0.10.10:9966/petclinic/api/owners,340,0,2
1538057634256,332,HTTP Request,200,,UserRest - Spike test 2-95,text,true,,3126,139,60,128,http://10.0.10.10:9966/petclinic/api/owners,332,0,1
1538057634327,262,HTTP Request,200,,UserRest - Spike test 2-67,text,true,,3126,139,60,128,http://10.0.10.10:9966/petclinic/api/owners,262,0,1
1538057634439,151,HTTP Request,200,,UserRest - Spike test 2-97,text,true,,3126,139,60,128,http://10.0.10.10:9966/petclinic/api/owners,151,0,0
1538057634407,184,HTTP Request,200,,UserRest - Spike test 2-84,text,true,,3126,139,60,128,http://10.0.10.10:9966/petclinic/api/owners,184,0,1
1538057634521,72,HTTP Request,200,,UserRest - Spike test 2-90,text,true,,3126,139,60,128,http://10.0.10.10:9966/petclinic/api/owners,72,0,0
1538057634257,338,HTTP Request,200,,UserRest - Spike test 2-74,text,true,,3126,139,60,128,http://10.0.10.10:9966/petclinic/api/owners,338,0,0
1538057634247,348,HTTP Request,200,,UserRest - Spike test 2-75,text,true,,3126,139,60,128,http://10.0.10.10:9966/petclinic/api/owners,348,0,2
1538057634489,110,HTTP Request,200,,UserRest - Spike test 2-66,text,true,,3126,139,61,129,http://10.0.10.10:9966/petclinic/api/owners,109,0,1
1538057634507,94,HTTP Request,200,,UserRest - Spike test 2-49,text,true,,3126,139,61,129,http://10.0.10.10:9966/petclinic/api/owners,93,0,1
1538057634499,103,HTTP Request,200,,UserRest - Spike test 2-87,text,true,,3126,139,61,129,http://10.0.10.10:9966/petclinic/api/owners,103,0,1
1538057634517,86,HTTP Request,200,,UserRest - Spike test 2-48,text,true,,3126,139,61,129,http://10.0.10.10:9966/petclinic/api/owners,86,0,0
1538057634497,108,HTTP Request,200,,UserRest - Spike test 2-50,text,true,,3126,139,61,129,http://10.0.10.10:9966/petclinic/api/owners,108,0,1
1538057634526,80,HTTP Request,200,,UserRest - Spike test 2-53,text,true,,3126,139,61,129,http://10.0.10.10:9966/petclinic/api/owners,80,0,1
1538057634537,75,HTTP Request,200,,UserRest - Spike test 2-62,text,true,,3126,139,62,130,http://10.0.10.10:9966/petclinic/api/owners,74,0,1
1538057634413,216,HTTP Request,200,,UserRest - Spike test 2-79,text,true,,3126,139,64,132,http://10.0.10.10:9966/petclinic/api/owners,216,0,0
1538057634365,266,HTTP Request,200,,UserRest - Spike test 2-100,text,true,,3126,139,64,132,http://10.0.10.10:9966/petclinic/api/owners,266,0,1
1538057634599,33,HTTP Request,200,,UserRest - Spike test 2-66,text,true,,3126,139,64,132,http://10.0.10.10:9966/petclinic/api/owners,33,0,0
1538057634597,39,HTTP Request,200,,UserRest - Spike test 2-40,text,true,,3126,139,64,132,http://10.0.10.10:9966/petclinic/api/owners,39,0,0
1538057634565,72,HTTP Request,200,,UserRest - Spike test 2-98,text,true,,3126,139,65,133,http://10.0.10.10:9966/petclinic/api/owners,72,0,0
1538057634417,224,HTTP Request,200,,UserRest - Spike test 2-69,text,true,,3126,139,65,133,http://10.0.10.10:9966/petclinic/api/owners,224,0,0
1538057634601,41,HTTP Request,200,,UserRest - Spike test 2-49,text,true,,3126,139,65,133,http://10.0.10.10:9966/petclinic/api/owners,41,0,1
1538057634591,54,HTTP Request,200,,UserRest - Spike test 2-97,text,true,,3126,139,65,133,http://10.0.10.10:9966/petclinic/api/owners,54,0,0
1538057634567,79,HTTP Request,200,,UserRest - Spike test 2-43,text,true,,3126,139,65,133,http://10.0.10.10:9966/petclinic/api/owners,79,0,0
1538057634606,43,HTTP Request,200,,UserRest - Spike test 2-53,text,true,,3126,139,66,134,http://10.0.10.10:9966/petclinic/api/owners,42,0,1
1538057634589,72,HTTP Request,200,,UserRest - Spike test 2-95,text,true,,3126,139,67,135,http://10.0.10.10:9966/petclinic/api/owners,72,0,0
1538057634585,78,HTTP Request,200,,UserRest - Spike test 2-92,text,true,,3126,139,67,135,http://10.0.10.10:9966/petclinic/api/owners,78,0,1
1538057634587,80,HTTP Request,200,,UserRest - Spike test 2-41,text,true,,3126,139,68,136,http://10.0.10.10:9966/petclinic/api/owners,80,0,1
1538057634630,39,HTTP Request,200,,UserRest - Spike test 2-79,text,true,,3126,139,68,136,http://10.0.10.10:9966/petclinic/api/owners,39,0,1
1538057634557,115,HTTP Request,200,,UserRest - Spike test 2-77,text,true,,3126,139,68,136,http://10.0.10.10:9966/petclinic/api/owners,115,0,0
1538057634616,58,HTTP Request,200,,UserRest - Spike test 2-38,text,true,,3126,139,68,136,http://10.0.10.10:9966/petclinic/api/owners,57,0,1
1538057634537,140,HTTP Request,200,,UserRest - Spike test 2-46,text,true,,3126,139,69,137,http://10.0.10.10:9966/petclinic/api/owners,140,0,2
1538057634544,141,HTTP Request,200,,UserRest - Spike test 2-86,text,true,,3126,139,69,137,http://10.0.10.10:9966/petclinic/api/owners,141,0,2
1538057634587,98,HTTP Request,200,,UserRest - Spike test 2-51,text,true,,3126,139,69,137,http://10.0.10.10:9966/petclinic/api/owners,96,0,0
1538057634547,141,HTTP Request,200,,UserRest - Spike test 2-76,text,true,,3126,139,70,138,http://10.0.10.10:9966/petclinic/api/owners,139,0,0
1538057634567,125,HTTP Request,200,,UserRest - Spike test 2-54,text,true,,3126,139,70,139,http://10.0.10.10:9966/petclinic/api/owners,125,0,2
1538057634586,109,HTTP Request,200,,UserRest - Spike test 2-93,text,true,,3126,139,70,139,http://10.0.10.10:9966/petclinic/api/owners,109,0,1
1538057634576,121,HTTP Request,200,,UserRest - Spike test 2-42,text,true,,3126,139,71,140,http://10.0.10.10:9966/petclinic/api/owners,121,0,1
1538057634580,120,HTTP Request,200,,UserRest - Spike test 2-88,text,true,,3126,139,71,140,http://10.0.10.10:9966/petclinic/api/owners,120,0,0
1538057634605,95,HTTP Request,200,,UserRest - Spike test 2-50,text,true,,3126,139,71,140,http://10.0.10.10:9966/petclinic/api/owners,95,0,0
1538057634589,113,HTTP Request,200,,UserRest - Spike test 2-67,text,true,,3126,139,71,140,http://10.0.10.10:9966/petclinic/api/owners,113,0,0
1538057634612,93,HTTP Request,200,,UserRest - Spike test 2-62,text,true,,3126,139,71,140,http://10.0.10.10:9966/petclinic/api/owners,93,0,1
1538057634376,329,HTTP Request,200,,UserRest - Spike test 2-91,text,true,,3126,139,71,140,http://10.0.10.10:9966/petclinic/api/owners,329,0,1
1538057634394,315,HTTP Request,200,,UserRest - Spike test 2-81,text,true,,3126,139,72,141,http://10.0.10.10:9966/petclinic/api/owners,315,0,1
1538057634387,324,HTTP Request,200,,UserRest - Spike test 2-61,text,true,,3126,139,72,141,http://10.0.10.10:9966/petclinic/api/owners,324,0,1
1538057634674,43,HTTP Request,200,,UserRest - Spike test 2-38,text,true,,3126,139,72,141,http://10.0.10.10:9966/petclinic/api/owners,43,0,2
1538057634663,55,HTTP Request,200,,UserRest - Spike test 2-92,text,true,,3126,139,73,142,http://10.0.10.10:9966/petclinic/api/owners,55,0,1
1538057634672,48,HTTP Request,200,,UserRest - Spike test 2-77,text,true,,3126,139,73,142,http://10.0.10.10:9966/petclinic/api/owners,48,0,1
1538057634685,36,HTTP Request,200,,UserRest - Spike test 2-51,text,true,,3126,139,73,142,http://10.0.10.10:9966/petclinic/api/owners,36,0,1
1538057634646,78,HTTP Request,200,,UserRest - Spike test 2-43,text,true,,3126,139,73,142,http://10.0.10.10:9966/petclinic/api/owners,78,0,1
1538057634408,317,HTTP Request,200,,UserRest - Spike test 2-89,text,true,,3126,139,73,142,http://10.0.10.10:9966/petclinic/api/owners,316,0,0
1538057634645,82,HTTP Request,200,,UserRest - Spike test 2-97,text,true,,3126,139,74,143,http://10.0.10.10:9966/petclinic/api/owners,82,0,2
1538057634477,255,HTTP Request,200,,UserRest - Spike test 2-52,text,true,,3126,139,74,143,http://10.0.10.10:9966/petclinic/api/owners,254,0,0
1538057634706,50,HTTP Request,200,,UserRest - Spike test 2-29,text,true,,3126,139,76,145,http://10.0.10.10:9966/petclinic/api/owners,50,0,1
1538057634688,68,HTTP Request,200,,UserRest - Spike test 2-76,text,true,,3126,139,76,145,http://10.0.10.10:9966/petclinic/api/owners,68,0,0
1538057634700,56,HTTP Request,200,,UserRest - Spike test 2-50,text,true,,3126,139,76,145,http://10.0.10.10:9966/petclinic/api/owners,56,0,1
1538057634638,120,HTTP Request,200,,UserRest - Spike test 2-98,text,true,,3126,139,77,146,http://10.0.10.10:9966/petclinic/api/owners,120,0,1
1538057634636,125,HTTP Request,200,,UserRest - Spike test 2-40,text,true,,3126,139,77,146,http://10.0.10.10:9966/petclinic/api/owners,125,0,1
1538057634697,69,HTTP Request,200,,UserRest - Spike test 2-30,text,true,,3126,139,77,146,http://10.0.10.10:9966/petclinic/api/owners,69,0,0
1538057634705,64,HTTP Request,200,,UserRest - Spike test 2-62,text,true,,3126,139,78,147,http://10.0.10.10:9966/petclinic/api/owners,64,0,1
1538057634677,94,HTTP Request,200,,UserRest - Spike test 2-32,text,true,,3126,139,78,147,http://10.0.10.10:9966/petclinic/api/owners,93,0,1
1538057634657,115,HTTP Request,200,,UserRest - Spike test 2-34,text,true,,3126,139,78,147,http://10.0.10.10:9966/petclinic/api/owners,115,0,2
1538057634678,94,HTTP Request,200,,UserRest - Spike test 2-46,text,true,,3126,139,78,147,http://10.0.10.10:9966/petclinic/api/owners,94,0,0
1538057634667,109,HTTP Request,200,,UserRest - Spike test 2-41,text,true,,3126,139,78,147,http://10.0.10.10:9966/petclinic/api/owners,108,0,1
1538057634666,113,HTTP Request,200,,UserRest - Spike test 2-33,text,true,,3126,139,79,148,http://10.0.10.10:9966/petclinic/api/owners,113,0,1
1538057634685,95,HTTP Request,200,,UserRest - Spike test 2-86,text,true,,3126,139,79,148,http://10.0.10.10:9966/petclinic/api/owners,94,0,1
1538057634717,65,HTTP Request,200,,UserRest - Spike test 2-38,text,true,,3126,139,79,148,http://10.0.10.10:9966/petclinic/api/owners,65,0,1
1538057634721,62,HTTP Request,200,,UserRest - Spike test 2-51,text,true,,3126,139,79,148,http://10.0.10.10:9966/petclinic/api/owners,62,0,0
1538057634711,73,HTTP Request,200,,UserRest - Spike test 2-61,text,true,,3126,139,79,148,http://10.0.10.10:9966/petclinic/api/owners,73,0,1
1538057634709,78,HTTP Request,200,,UserRest - Spike test 2-81,text,true,,3126,139,80,149,http://10.0.10.10:9966/petclinic/api/owners,78,0,1
1538057634737,51,HTTP Request,200,,UserRest - Spike test 2-26,text,true,,3126,139,80,149,http://10.0.10.10:9966/petclinic/api/owners,51,0,0
1538057634661,129,HTTP Request,200,,UserRest - Spike test 2-95,text,true,,3126,139,80,149,http://10.0.10.10:9966/petclinic/api/owners,129,0,1
1538057634641,154,HTTP Request,200,,UserRest - Spike test 2-69,text,true,,3126,139,80,149,http://10.0.10.10:9966/petclinic/api/owners,154,0,1
1538057634769,26,HTTP Request,200,,UserRest - Spike test 2-62,text,true,,3126,139,80,149,http://10.0.10.10:9966/petclinic/api/owners,26,0,1
1538057634782,17,HTTP Request,200,,UserRest - Spike test 2-38,text,true,,3126,139,81,150,http://10.0.10.10:9966/petclinic/api/owners,16,0,1
1538057634773,27,HTTP Request,200,,UserRest - Spike test 2-46,text,true,,3126,139,81,150,http://10.0.10.10:9966/petclinic/api/owners,27,0,0
1538057634780,21,HTTP Request,200,,UserRest - Spike test 2-33,text,true,,3126,139,81,150,http://10.0.10.10:9966/petclinic/api/owners,20,0,3
1538057634718,85,HTTP Request,200,,UserRest - Spike test 2-92,text,true,,3126,139,81,150,http://10.0.10.10:9966/petclinic/api/owners,85,0,1
1538057634787,17,HTTP Request,200,,UserRest - Spike test 2-81,text,true,,3126,139,81,150,http://10.0.10.10:9966/petclinic/api/owners,17,0,1
1538057634771,38,HTTP Request,200,,UserRest - Spike test 2-32,text,true,,3126,139,82,151,http://10.0.10.10:9966/petclinic/api/owners,38,0,2
1538057634756,54,HTTP Request,200,,UserRest - Spike test 2-76,text,true,,3126,139,82,151,http://10.0.10.10:9966/petclinic/api/owners,53,0,1
1538057634316,497,HTTP Request,200,,UserRest - Spike test 2-68,text,true,,3126,139,82,151,http://10.0.10.10:9966/petclinic/api/owners,497,0,1
1538057634528,288,HTTP Request,200,,UserRest - Spike test 2-60,text,true,,3126,139,82,151,http://10.0.10.10:9966/petclinic/api/owners,288,0,0
1538057634642,175,HTTP Request,200,,UserRest - Spike test 2-49,text,true,,3126,139,83,152,http://10.0.10.10:9966/petclinic/api/owners,174,0,1
1538057634766,54,HTTP Request,200,,UserRest - Spike test 2-30,text,true,,3126,139,83,152,http://10.0.10.10:9966/petclinic/api/owners,53,0,1
1538057634801,22,HTTP Request,200,,UserRest - Spike test 2-33,text,true,,3126,139,83,152,http://10.0.10.10:9966/petclinic/api/owners,21,0,0
1538057634809,16,HTTP Request,200,,UserRest - Spike test 2-32,text,true,,3126,139,83,152,http://10.0.10.10:9966/petclinic/api/owners,16,0,1
1538057634804,22,HTTP Request,200,,UserRest - Spike test 2-81,text,true,,3126,139,83,152,http://10.0.10.10:9966/petclinic/api/owners,22,0,1
1538057634795,35,HTTP Request,200,,UserRest - Spike test 2-62,text,true,,3126,139,84,153,http://10.0.10.10:9966/petclinic/api/owners,35,0,1
1538057634814,18,HTTP Request,200,,UserRest - Spike test 2-68,text,true,,3126,139,84,153,http://10.0.10.10:9966/petclinic/api/owners,17,0,0
1538057634727,105,HTTP Request,200,,UserRest - Spike test 2-97,text,true,,3126,139,84,153,http://10.0.10.10:9966/petclinic/api/owners,105,0,1
1538057634508,325,HTTP Request,200,,UserRest - Spike test 2-56,text,true,,3126,139,84,153,http://10.0.10.10:9966/petclinic/api/owners,325,0,1
1538057634565,268,HTTP Request,200,,UserRest - Spike test 2-82,text,true,,3126,139,84,153,http://10.0.10.10:9966/petclinic/api/owners,268,0,1
1538057634693,142,HTTP Request,200,,UserRest - Spike test 2-54,text,true,,3126,139,84,153,http://10.0.10.10:9966/petclinic/api/owners,142,0,0
1538057634820,16,HTTP Request,200,,UserRest - Spike test 2-30,text,true,,3126,139,84,153,http://10.0.10.10:9966/petclinic/api/owners,16,0,1
1538057634826,12,HTTP Request,200,,UserRest - Spike test 2-81,text,true,,3126,139,85,154,http://10.0.10.10:9966/petclinic/api/owners,11,0,1
1538057634823,18,HTTP Request,200,,UserRest - Spike test 2-33,text,true,,3126,139,85,154,http://10.0.10.10:9966/petclinic/api/owners,18,0,0
1538057634446,396,HTTP Request,200,,UserRest - Spike test 2-55,text,true,,3126,139,85,154,http://10.0.10.10:9966/petclinic/api/owners,396,0,1
1538057634466,377,HTTP Request,200,,UserRest - Spike test 2-59,text,true,,3126,139,85,154,http://10.0.10.10:9966/petclinic/api/owners,377,0,1
1538057634496,348,HTTP Request,200,,UserRest - Spike test 2-63,text,true,,3126,139,85,154,http://10.0.10.10:9966/petclinic/api/owners,348,0,2
1538057634417,429,HTTP Request,200,,UserRest - Spike test 2-58,text,true,,3126,139,85,154,http://10.0.10.10:9966/petclinic/api/owners,429,0,0
1538057634421,426,HTTP Request,200,,UserRest - Spike test 2-83,text,true,,3126,139,86,155,http://10.0.10.10:9966/petclinic/api/owners,426,0,1
1538057634799,52,HTTP Request,200,,UserRest - Spike test 2-38,text,true,,3126,139,86,155,http://10.0.10.10:9966/petclinic/api/owners,51,0,1
1538057634833,19,HTTP Request,200,,UserRest - Spike test 2-82,text,true,,3126,139,86,155,http://10.0.10.10:9966/petclinic/api/owners,19,0,2
1538057634817,38,HTTP Request,200,,UserRest - Spike test 2-49,text,true,,3126,139,86,155,http://10.0.10.10:9966/petclinic/api/owners,37,0,0
1538057634836,19,HTTP Request,200,,UserRest - Spike test 2-16,text,true,,3126,139,86,155,http://10.0.10.10:9966/petclinic/api/owners,18,0,1
1538057634637,220,HTTP Request,200,,UserRest - Spike test 2-36,text,true,,3126,139,87,156,http://10.0.10.10:9966/petclinic/api/owners,220,0,0
1538057634844,18,HTTP Request,200,,UserRest - Spike test 2-63,text,true,,3126,139,87,156,http://10.0.10.10:9966/petclinic/api/owners,17,0,1
1538057634669,194,HTTP Request,200,,UserRest - Spike test 2-79,text,true,,3126,139,87,156,http://10.0.10.10:9966/petclinic/api/owners,194,0,1
1538057634842,22,HTTP Request,200,,UserRest - Spike test 2-55,text,true,,3126,139,87,156,http://10.0.10.10:9966/petclinic/api/owners,22,0,1
1538057634420,445,HTTP Request,200,,UserRest - Spike test 2-65,text,true,,3126,139,87,156,http://10.0.10.10:9966/petclinic/api/owners,445,0,1
1538057634518,347,HTTP Request,200,,UserRest - Spike test 2-73,text,true,,3126,139,87,156,http://10.0.10.10:9966/petclinic/api/owners,347,0,1
1538057634411,456,HTTP Request,200,,UserRest - Spike test 2-71,text,true,,3126,139,88,157,http://10.0.10.10:9966/petclinic/api/owners,455,0,1
1538057634705,166,HTTP Request,200,,UserRest - Spike test 2-91,text,true,,3126,139,88,157,http://10.0.10.10:9966/petclinic/api/owners,166,0,1
1538057634784,96,HTTP Request,200,,UserRest - Spike test 2-51,text,true,,3126,139,89,158,http://10.0.10.10:9966/petclinic/api/owners,96,0,0
1538057634851,36,HTTP Request,200,,UserRest - Spike test 2-38,text,true,,3126,139,89,158,http://10.0.10.10:9966/petclinic/api/owners,36,0,1
1538057634830,58,HTTP Request,200,,UserRest - Spike test 2-62,text,true,,3126,139,90,159,http://10.0.10.10:9966/petclinic/api/owners,58,0,0
1538057634747,145,HTTP Request,200,,UserRest - Spike test 2-25,text,true,,3126,139,90,159,http://10.0.10.10:9966/petclinic/api/owners,145,0,0
1538057634847,55,HTTP Request,200,,UserRest - Spike test 2-83,text,true,,3126,139,91,160,http://10.0.10.10:9966/petclinic/api/owners,55,0,1
1538057634838,65,HTTP Request,200,,UserRest - Spike test 2-81,text,true,,3126,139,91,160,http://10.0.10.10:9966/petclinic/api/owners,64,0,1
1538057634832,72,HTTP Request,200,,UserRest - Spike test 2-97,text,true,,3126,139,91,160,http://10.0.10.10:9966/petclinic/api/owners,72,0,1
1538057634795,135,HTTP Request,200,,UserRest - Spike test 2-69,text,true,,3126,139,94,163,http://10.0.10.10:9966/petclinic/api/owners,134,0,1
1538057634836,96,HTTP Request,200,,UserRest - Spike test 2-30,text,true,,3126,139,94,163,http://10.0.10.10:9966/petclinic/api/owners,95,0,1
1538057634718,216,HTTP Request,200,,UserRest - Spike test 2-28,text,true,,3126,139,94,163,http://10.0.10.10:9966/petclinic/api/owners,216,0,0
1538057634756,180,HTTP Request,200,,UserRest - Spike test 2-29,text,true,,3126,139,94,163,http://10.0.10.10:9966/petclinic/api/owners,180,0,1
1538057634777,163,HTTP Request,200,,UserRest - Spike test 2-22,text,true,,3126,139,95,164,http://10.0.10.10:9966/petclinic/api/owners,163,0,0
1538057634780,162,HTTP Request,200,,UserRest - Spike test 2-86,text,true,,3126,139,95,164,http://10.0.10.10:9966/petclinic/api/owners,162,0,3
1538057634776,168,HTTP Request,200,,UserRest - Spike test 2-41,text,true,,3126,139,95,164,http://10.0.10.10:9966/petclinic/api/owners,167,0,1
1538057634727,219,HTTP Request,200,,UserRest - Spike test 2-27,text,true,,3126,139,95,164,http://10.0.10.10:9966/petclinic/api/owners,219,0,0
1538057634762,185,HTTP Request,200,,UserRest - Spike test 2-40,text,true,,3126,139,95,164,http://10.0.10.10:9966/petclinic/api/owners,184,0,1
1538057634817,130,HTTP Request,200,,UserRest - Spike test 2-18,text,true,,3126,139,96,165,http://10.0.10.10:9966/petclinic/api/owners,130,0,0
1538057634720,228,HTTP Request,200,,UserRest - Spike test 2-77,text,true,,3126,139,96,165,http://10.0.10.10:9966/petclinic/api/owners,228,0,1
1538057634843,106,HTTP Request,200,,UserRest - Spike test 2-59,text,true,,3126,139,96,165,http://10.0.10.10:9966/petclinic/api/owners,106,0,1
1538057634807,145,HTTP Request,200,,UserRest - Spike test 2-19,text,true,,3126,139,96,165,http://10.0.10.10:9966/petclinic/api/owners,145,0,1
1538057634772,182,HTTP Request,200,,UserRest - Spike test 2-34,text,true,,3126,139,96,165,http://10.0.10.10:9966/petclinic/api/owners,181,0,1
1538057634757,199,HTTP Request,200,,UserRest - Spike test 2-24,text,true,,3126,139,96,165,http://10.0.10.10:9966/petclinic/api/owners,199,0,2
1538057634827,130,HTTP Request,200,,UserRest - Spike test 2-17,text,true,,3126,139,97,166,http://10.0.10.10:9966/petclinic/api/owners,130,0,0
1538057634841,118,HTTP Request,200,,UserRest - Spike test 2-33,text,true,,3126,139,97,166,http://10.0.10.10:9966/petclinic/api/owners,118,0,1
1538057634803,157,HTTP Request,200,,UserRest - Spike test 2-92,text,true,,3126,139,97,166,http://10.0.10.10:9966/petclinic/api/owners,157,0,2
1538057634810,153,HTTP Request,200,,UserRest - Spike test 2-76,text,true,,3126,139,97,166,http://10.0.10.10:9966/petclinic/api/owners,153,0,0
1538057634725,243,HTTP Request,200,,UserRest - Spike test 2-43,text,true,,3126,139,98,167,http://10.0.10.10:9966/petclinic/api/owners,243,0,0
1538057634572,397,HTTP Request,200,,UserRest - Spike test 2-78,text,true,,3126,139,98,167,http://10.0.10.10:9966/petclinic/api/owners,397,0,0
1538057634581,389,HTTP Request,200,,UserRest - Spike test 2-99,text,true,,3126,139,98,167,http://10.0.10.10:9966/petclinic/api/owners,388,0,1
1538057634591,379,HTTP Request,200,,UserRest - Spike test 2-84,text,true,,3126,139,98,167,http://10.0.10.10:9966/petclinic/api/owners,379,0,1
1538057634587,385,HTTP Request,200,,UserRest - Spike test 2-80,text,true,,3126,139,98,167,http://10.0.10.10:9966/petclinic/api/owners,385,0,0
1538057634767,207,HTTP Request,200,,UserRest - Spike test 2-23,text,true,,3126,139,98,167,http://10.0.10.10:9966/petclinic/api/owners,206,0,0
1538057634846,129,HTTP Request,200,,UserRest - Spike test 2-58,text,true,,3126,139,98,167,http://10.0.10.10:9966/petclinic/api/owners,128,0,1
1538057634867,109,HTTP Request,200,,UserRest - Spike test 2-13,text,true,,3126,139,98,167,http://10.0.10.10:9966/petclinic/api/owners,109,0,0
1538057634595,384,HTTP Request,200,,UserRest - Spike test 2-74,text,true,,3126,139,99,168,http://10.0.10.10:9966/petclinic/api/owners,384,0,2
1538057634853,126,HTTP Request,200,,UserRest - Spike test 2-82,text,true,,3126,139,99,168,http://10.0.10.10:9966/petclinic/api/owners,126,0,1
1538057634855,126,HTTP Request,200,,UserRest - Spike test 2-16,text,true,,3126,139,99,168,http://10.0.10.10:9966/petclinic/api/owners,126,0,0
1538057634857,126,HTTP Request,200,,UserRest - Spike test 2-36,text,true,,3126,139,99,168,http://10.0.10.10:9966/petclinic/api/owners,126,0,2
1538057634847,137,HTTP Request,200,,UserRest - Spike test 2-15,text,true,,3126,139,99,168,http://10.0.10.10:9966/petclinic/api/owners,137,0,1
1538057634877,109,HTTP Request,200,,UserRest - Spike test 2-12,text,true,,3126,139,99,168,http://10.0.10.10:9966/petclinic/api/owners,109,0,0
1538057634887,101,HTTP Request,200,,UserRest - Spike test 2-11,text,true,,3126,139,100,169,http://10.0.10.10:9966/petclinic/api/owners,101,0,1
1538057634897,93,HTTP Request,200,,UserRest - Spike test 2-10,text,true,,3126,139,100,169,http://10.0.10.10:9966/petclinic/api/owners,93,0,0
1538057634903,88,HTTP Request,200,,UserRest - Spike test 2-81,text,true,,3126,139,100,169,http://10.0.10.10:9966/petclinic/api/owners,87,0,0
1538057634930,63,HTTP Request,200,,UserRest - Spike test 2-69,text,true,,3126,139,100,170,http://10.0.10.10:9966/petclinic/api/owners,63,0,1
1538057634947,46,HTTP Request,200,,UserRest - Spike test 2-5,text,true,,3126,139,100,170,http://10.0.10.10:9966/petclinic/api/owners,46,0,1
1538057634944,52,HTTP Request,200,,UserRest - Spike test 2-41,text,true,,3126,139,100,170,http://10.0.10.10:9966/petclinic/api/owners,52,0,0
1538057634627,371,HTTP Request,200,,UserRest - Spike test 2-37,text,true,,3126,139,100,170,http://10.0.10.10:9966/petclinic/api/owners,371,0,1
1538057634907,92,HTTP Request,200,,UserRest - Spike test 2-9,text,true,,3126,139,100,170,http://10.0.10.10:9966/petclinic/api/owners,92,0,4
1538057634631,369,HTTP Request,200,,UserRest - Spike test 2-100,text,true,,3126,139,100,170,http://10.0.10.10:9966/petclinic/api/owners,369,0,1
1538057634583,418,HTTP Request,200,,UserRest - Spike test 2-96,text,true,,3126,139,99,169,http://10.0.10.10:9966/petclinic/api/owners,418,0,1
1538057634942,60,HTTP Request,200,,UserRest - Spike test 2-86,text,true,,3126,139,99,169,http://10.0.10.10:9966/petclinic/api/owners,60,0,1
1538057634934,70,HTTP Request,200,,UserRest - Spike test 2-28,text,true,,3126,139,99,169,http://10.0.10.10:9966/petclinic/api/owners,70,0,1
1538057634904,101,HTTP Request,200,,UserRest - Spike test 2-97,text,true,,3126,139,99,169,http://10.0.10.10:9966/petclinic/api/owners,101,0,7
1538057634855,151,HTTP Request,200,,UserRest - Spike test 2-49,text,true,,3126,139,99,169,http://10.0.10.10:9966/petclinic/api/owners,150,0,0
1538057634863,146,HTTP Request,200,,UserRest - Spike test 2-79,text,true,,3126,139,99,169,http://10.0.10.10:9966/petclinic/api/owners,145,0,2
1538057634902,110,HTTP Request,200,,UserRest - Spike test 2-83,text,true,,3126,139,99,169,http://10.0.10.10:9966/petclinic/api/owners,110,0,0
1538057634602,417,HTTP Request,200,,UserRest - Spike test 2-87,text,true,,3126,139,99,169,http://10.0.10.10:9966/petclinic/api/owners,417,0,0
1538057634957,71,HTTP Request,200,,UserRest - Spike test 2-17,text,true,,3126,139,99,169,http://10.0.10.10:9966/petclinic/api/owners,71,0,1
1538057634947,83,HTTP Request,200,,UserRest - Spike test 2-40,text,true,,3126,139,99,169,http://10.0.10.10:9966/petclinic/api/owners,83,0,1
1538057634949,82,HTTP Request,200,,UserRest - Spike test 2-59,text,true,,3126,139,99,169,http://10.0.10.10:9966/petclinic/api/owners,82,0,1
1538057634932,104,HTTP Request,200,,UserRest - Spike test 2-30,text,true,,3126,139,99,169,http://10.0.10.10:9966/petclinic/api/owners,103,0,0
1538057634959,78,HTTP Request,200,,UserRest - Spike test 2-33,text,true,,3126,139,99,169,http://10.0.10.10:9966/petclinic/api/owners,78,0,1
1538057634957,82,HTTP Request,200,,UserRest - Spike test 2-4,text,true,,3126,139,99,169,http://10.0.10.10:9966/petclinic/api/owners,82,0,0
1538057634862,178,HTTP Request,200,,UserRest - Spike test 2-63,text,true,,3126,139,99,169,http://10.0.10.10:9966/petclinic/api/owners,178,0,1
1538057634953,88,HTTP Request,200,,UserRest - Spike test 2-19,text,true,,3126,139,99,169,http://10.0.10.10:9966/petclinic/api/owners,87,0,1
1538057634991,51,HTTP Request,200,,UserRest - Spike test 2-10,text,true,,3126,139,99,169,http://10.0.10.10:9966/petclinic/api/owners,51,0,1
1538057634593,450,HTTP Request,200,,UserRest - Spike test 2-90,text,true,,3126,139,99,169,http://10.0.10.10:9966/petclinic/api/owners,450,0,0
1538057634595,450,HTTP Request,200,,UserRest - Spike test 2-75,text,true,,3126,139,99,169,http://10.0.10.10:9966/petclinic/api/owners,450,0,2
1538057634989,57,HTTP Request,200,,UserRest - Spike test 2-11,text,true,,3126,139,99,169,http://10.0.10.10:9966/petclinic/api/owners,57,0,1
1538057635004,44,HTTP Request,200,,UserRest - Spike test 2-28,text,true,,3126,139,99,169,http://10.0.10.10:9966/petclinic/api/owners,44,0,1
1538057635013,37,HTTP Request,200,,UserRest - Spike test 2-83,text,true,,3126,139,99,169,http://10.0.10.10:9966/petclinic/api/owners,36,0,0
1538057634857,195,HTTP Request,200,,UserRest - Spike test 2-14,text,true,,3126,139,99,169,http://10.0.10.10:9966/petclinic/api/owners,195,0,2
1538057634960,94,HTTP Request,200,,UserRest - Spike test 2-92,text,true,,3126,139,99,169,http://10.0.10.10:9966/petclinic/api/owners,93,0,1
1538057635006,51,HTTP Request,200,,UserRest - Spike test 2-97,text,true,,3126,139,99,169,http://10.0.10.10:9966/petclinic/api/owners,51,0,0
1538057634558,500,HTTP Request,200,,UserRest - Spike test 2-70,text,true,,3126,139,98,168,http://10.0.10.10:9966/petclinic/api/owners,500,0,1
1538057634982,77,HTTP Request,200,,UserRest - Spike test 2-16,text,true,,3126,139,98,168,http://10.0.10.10:9966/petclinic/api/owners,77,0,0
1538057634969,91,HTTP Request,200,,UserRest - Spike test 2-78,text,true,,3126,139,98,168,http://10.0.10.10:9966/petclinic/api/owners,91,0,1
1538057634976,86,HTTP Request,200,,UserRest - Spike test 2-13,text,true,,3126,139,98,168,http://10.0.10.10:9966/petclinic/api/owners,86,0,1
1538057634560,503,HTTP Request,200,,UserRest - Spike test 2-72,text,true,,3126,139,98,168,http://10.0.10.10:9966/petclinic/api/owners,503,0,0
1538057634966,98,HTTP Request,200,,UserRest - Spike test 2-3,text,true,,3126,139,98,168,http://10.0.10.10:9966/petclinic/api/owners,98,0,1
1538057634999,67,HTTP Request,200,,UserRest - Spike test 2-9,text,true,,3126,139,98,168,http://10.0.10.10:9966/petclinic/api/owners,67,0,1
1538057634991,78,HTTP Request,200,,UserRest - Spike test 2-81,text,true,,3126,139,98,168,http://10.0.10.10:9966/petclinic/api/owners,76,0,1
1538057635019,50,HTTP Request,200,,UserRest - Spike test 2-87,text,true,,3126,139,98,168,http://10.0.10.10:9966/petclinic/api/owners,50,0,1
1538057635031,41,HTTP Request,200,,UserRest - Spike test 2-40,text,true,,3126,139,98,168,http://10.0.10.10:9966/petclinic/api/owners,40,0,0
1538057635045,27,HTTP Request,200,,UserRest - Spike test 2-75,text,true,,3126,139,98,168,http://10.0.10.10:9966/petclinic/api/owners,27,0,1
1538057634941,133,HTTP Request,200,,UserRest - Spike test 2-22,text,true,,3126,139,98,168,http://10.0.10.10:9966/petclinic/api/owners,132,0,0
1538057635050,24,HTTP Request,200,,UserRest - Spike test 2-83,text,true,,3126,139,98,168,http://10.0.10.10:9966/petclinic/api/owners,24,0,1
1538057635039,36,HTTP Request,200,,UserRest - Spike test 2-4,text,true,,3126,139,98,168,http://10.0.10.10:9966/petclinic/api/owners,36,0,1
1538057635037,41,HTTP Request,200,,UserRest - Spike test 2-33,text,true,,3126,139,98,168,http://10.0.10.10:9966/petclinic/api/owners,41,0,1
1538057634986,92,HTTP Request,200,,UserRest - Spike test 2-12,text,true,,3126,139,98,168,http://10.0.10.10:9966/petclinic/api/owners,92,0,2
1538057635002,79,HTTP Request,200,,UserRest - Spike test 2-86,text,true,,3126,139,98,168,http://10.0.10.10:9966/petclinic/api/owners,79,0,1
1538057634867,222,HTTP Request,200,,UserRest - Spike test 2-71,text,true,,3126,139,98,168,http://10.0.10.10:9966/petclinic/api/owners,222,0,1
1538057634892,201,HTTP Request,200,,UserRest - Spike test 2-25,text,true,,3126,139,98,168,http://10.0.10.10:9966/petclinic/api/owners,201,0,1
1538057634887,206,HTTP Request,200,,UserRest - Spike test 2-38,text,true,,3126,139,98,168,http://10.0.10.10:9966/petclinic/api/owners,206,0,1
1538057634865,229,HTTP Request,200,,UserRest - Spike test 2-73,text,true,,3126,139,98,168,http://10.0.10.10:9966/petclinic/api/owners,229,0,1
1538057635041,55,HTTP Request,200,,UserRest - Spike test 2-19,text,true,,3126,139,98,168,http://10.0.10.10:9966/petclinic/api/owners,55,0,0
1538057635058,44,HTTP Request,200,,UserRest - Spike test 2-70,text,true,,3126,139,98,168,http://10.0.10.10:9966/petclinic/api/owners,44,0,1
1538057635054,50,HTTP Request,200,,UserRest - Spike test 2-92,text,true,,3126,139,98,168,http://10.0.10.10:9966/petclinic/api/owners,50,0,1
1538057634607,500,HTTP Request,200,,UserRest - Spike test 2-39,text,true,,3126,139,97,167,http://10.0.10.10:9966/petclinic/api/owners,500,0,0
1538057634970,138,HTTP Request,200,,UserRest - Spike test 2-99,text,true,,3126,139,97,167,http://10.0.10.10:9966/petclinic/api/owners,137,0,1
1538057634979,132,HTTP Request,200,,UserRest - Spike test 2-74,text,true,,3126,139,96,166,http://10.0.10.10:9966/petclinic/api/owners,132,0,1
1538057634972,142,HTTP Request,200,,UserRest - Spike test 2-80,text,true,,3126,139,96,166,http://10.0.10.10:9966/petclinic/api/owners,142,0,0
1538057634983,132,HTTP Request,200,,UserRest - Spike test 2-36,text,true,,3126,139,96,166,http://10.0.10.10:9966/petclinic/api/owners,132,0,1
1538057634389,766,HTTP Request,200,,UserRest - Spike test 2-85,text,true,,3126,139,96,166,http://10.0.10.10:9966/petclinic/api/owners,728,0,1
1538057634564,592,HTTP Request,200,,UserRest - Spike test 2-64,text,true,,3126,139,95,165,http://10.0.10.10:9966/petclinic/api/owners,555,0,0
1538057634695,461,HTTP Request,200,,UserRest - Spike test 2-93,text,true,,3126,139,95,165,http://10.0.10.10:9966/petclinic/api/owners,426,0,1
1538057634647,512,HTTP Request,200,,UserRest - Spike test 2-35,text,true,,3126,139,94,164,http://10.0.10.10:9966/petclinic/api/owners,479,0,1
1538057634984,178,HTTP Request,200,,UserRest - Spike test 2-15,text,true,,3126,139,94,164,http://10.0.10.10:9966/petclinic/api/owners,178,0,2
1538057634993,170,HTTP Request,200,,UserRest - Spike test 2-5,text,true,,3126,139,94,164,http://10.0.10.10:9966/petclinic/api/owners,170,0,1
1538057634687,478,HTTP Request,200,,UserRest - Spike test 2-31,text,true,,3126,139,94,164,http://10.0.10.10:9966/petclinic/api/owners,478,0,1
1538057635036,131,HTTP Request,200,,UserRest - Spike test 2-30,text,true,,3126,139,94,164,http://10.0.10.10:9966/petclinic/api/owners,130,0,1
1538057635059,109,HTTP Request,200,,UserRest - Spike test 2-16,text,true,,3126,139,94,164,http://10.0.10.10:9966/petclinic/api/owners,108,0,1
1538057634987,181,HTTP Request,200,,UserRest - Spike test 2-1,text,true,,3126,139,94,164,http://10.0.10.10:9966/petclinic/api/owners,181,0,1
1538057634996,174,HTTP Request,200,,UserRest - Spike test 2-41,text,true,,3126,139,94,164,http://10.0.10.10:9966/petclinic/api/owners,173,0,1
1538057635074,97,HTTP Request,200,,UserRest - Spike test 2-22,text,true,,3126,139,94,164,http://10.0.10.10:9966/petclinic/api/owners,97,0,1
1538057635061,112,HTTP Request,200,,UserRest - Spike test 2-78,text,true,,3126,139,94,164,http://10.0.10.10:9966/petclinic/api/owners,112,0,1
1538057634527,655,HTTP Request,200,,UserRest - Spike test 2-47,text,true,,3126,139,94,164,http://10.0.10.10:9966/petclinic/api/owners,655,0,0
1538057635108,74,HTTP Request,200,,UserRest - Spike test 2-39,text,true,,3126,139,94,164,http://10.0.10.10:9966/petclinic/api/owners,74,0,1
1538057635072,112,HTTP Request,200,,UserRest - Spike test 2-40,text,true,,3126,139,94,164,http://10.0.10.10:9966/petclinic/api/owners,112,0,0
1538057634816,369,HTTP Request,200,,UserRest - Spike test 2-60,text,true,,3126,139,94,164,http://10.0.10.10:9966/petclinic/api/owners,369,0,1
1538057634479,707,HTTP Request,200,,UserRest - Spike test 2-57,text,true,,3126,139,94,164,http://10.0.10.10:9966/petclinic/api/owners,707,0,1
1538057634725,464,HTTP Request,200,,UserRest - Spike test 2-89,text,true,,3126,139,94,164,http://10.0.10.10:9966/petclinic/api/owners,405,0,0
1538057634833,358,HTTP Request,200,,UserRest - Spike test 2-56,text,true,,3126,139,93,163,http://10.0.10.10:9966/petclinic/api/owners,357,0,1
1538057634547,644,HTTP Request,200,,UserRest - Spike test 2-45,text,true,,3126,139,93,163,http://10.0.10.10:9966/petclinic/api/owners,643,0,0
1538057634796,398,HTTP Request,200,,UserRest - Spike test 2-20,text,true,,3126,139,93,163,http://10.0.10.10:9966/petclinic/api/owners,398,0,2
1538057635111,83,HTTP Request,200,,UserRest - Spike test 2-74,text,true,,3126,139,93,163,http://10.0.10.10:9966/petclinic/api/owners,83,0,1
1538057634557,640,HTTP Request,200,,UserRest - Spike test 2-44,text,true,,3126,139,93,163,http://10.0.10.10:9966/petclinic/api/owners,639,0,0
1538057634864,335,HTTP Request,200,,UserRest - Spike test 2-55,text,true,,3126,139,93,163,http://10.0.10.10:9966/petclinic/api/owners,335,0,2
1538057635069,131,HTTP Request,200,,UserRest - Spike test 2-87,text,true,,3126,139,93,163,http://10.0.10.10:9966/petclinic/api/owners,130,0,1
1538057634880,321,HTTP Request,200,,UserRest - Spike test 2-51,text,true,,3126,139,92,162,http://10.0.10.10:9966/petclinic/api/owners,320,0,1
1538057635052,149,HTTP Request,200,,UserRest - Spike test 2-14,text,true,,3126,139,92,162,http://10.0.10.10:9966/petclinic/api/owners,149,0,1
1538057634697,508,HTTP Request,200,,UserRest - Spike test 2-42,text,true,,3126,139,92,162,http://10.0.10.10:9966/petclinic/api/owners,436,0,1
1538057634926,282,HTTP Request,200,,UserRest - Spike test 2-7,text,true,,3126,139,92,162,http://10.0.10.10:9966/petclinic/api/owners,282,0,1
1538057635032,177,HTTP Request,200,,UserRest - Spike test 2-59,text,true,,3126,139,92,162,http://10.0.10.10:9966/petclinic/api/owners,176,0,0
1538057635115,95,HTTP Request,200,,UserRest - Spike test 2-36,text,true,,3126,139,92,162,http://10.0.10.10:9966/petclinic/api/owners,95,0,1
1538057634948,264,HTTP Request,200,,UserRest - Spike test 2-77,text,true,,3126,139,92,162,http://10.0.10.10:9966/petclinic/api/owners,264,0,1
1538057634937,278,HTTP Request,200,,UserRest - Spike test 2-6,text,true,,3126,139,92,162,http://10.0.10.10:9966/petclinic/api/owners,278,0,1
1538057634872,347,HTTP Request,200,,UserRest - Spike test 2-91,text,true,,3126,139,92,162,http://10.0.10.10:9966/petclinic/api/owners,346,0,1
1538057634956,263,HTTP Request,200,,UserRest - Spike test 2-24,text,true,,3126,139,91,161,http://10.0.10.10:9966/petclinic/api/owners,263,0,1
1538057635170,52,HTTP Request,200,,UserRest - Spike test 2-41,text,true,,3126,139,91,161,http://10.0.10.10:9966/petclinic/api/owners,52,0,0
1538057634787,435,HTTP Request,200,,UserRest - Spike test 2-21,text,true,,3126,139,91,161,http://10.0.10.10:9966/petclinic/api/owners,434,0,1
1538057635173,51,HTTP Request,200,,UserRest - Spike test 2-78,text,true,,3126,139,91,161,http://10.0.10.10:9966/petclinic/api/owners,50,0,1
1538057634865,360,HTTP Request,200,,UserRest - Spike test 2-65,text,true,,3126,139,90,160,http://10.0.10.10:9966/petclinic/api/owners,360,0,1
1538057635165,61,HTTP Request,200,,UserRest - Spike test 2-31,text,true,,3126,139,90,160,http://10.0.10.10:9966/petclinic/api/owners,60,0,0
1538057634963,265,HTTP Request,200,,UserRest - Spike test 2-76,text,true,,3126,139,90,160,http://10.0.10.10:9966/petclinic/api/owners,265,0,0
1538057635168,60,HTTP Request,200,,UserRest - Spike test 2-16,text,true,,3126,139,90,160,http://10.0.10.10:9966/petclinic/api/owners,60,0,0
1538057634954,276,HTTP Request,200,,UserRest - Spike test 2-34,text,true,,3126,139,90,160,http://10.0.10.10:9966/petclinic/api/owners,276,0,0
1538057634993,239,HTTP Request,200,,UserRest - Spike test 2-69,text,true,,3126,139,90,160,http://10.0.10.10:9966/petclinic/api/owners,239,0,0
1538057635171,62,HTTP Request,200,,UserRest - Spike test 2-22,text,true,,3126,139,90,160,http://10.0.10.10:9966/petclinic/api/owners,62,0,1
1538057634604,631,HTTP Request,200,,UserRest - Spike test 2-48,text,true,,3126,139,90,160,http://10.0.10.10:9966/petclinic/api/owners,631,0,0
1538057634979,256,HTTP Request,200,,UserRest - Spike test 2-82,text,true,,3126,139,90,160,http://10.0.10.10:9966/petclinic/api/owners,255,0,1
1538057634917,319,HTTP Request,200,,UserRest - Spike test 2-8,text,true,,3126,139,89,159,http://10.0.10.10:9966/petclinic/api/owners,319,0,0
1538057635028,208,HTTP Request,200,,UserRest - Spike test 2-17,text,true,,3126,139,89,159,http://10.0.10.10:9966/petclinic/api/owners,208,0,2
1538057635048,190,HTTP Request,200,,UserRest - Spike test 2-28,text,true,,3126,139,89,159,http://10.0.10.10:9966/petclinic/api/owners,190,0,0
1538057634974,265,HTTP Request,200,,UserRest - Spike test 2-23,text,true,,3126,139,89,159,http://10.0.10.10:9966/petclinic/api/owners,265,0,0
1538057634888,352,HTTP Request,200,,UserRest - Spike test 2-62,text,true,,3126,139,89,159,http://10.0.10.10:9966/petclinic/api/owners,352,0,1
1538057635006,236,HTTP Request,200,,UserRest - Spike test 2-49,text,true,,3126,139,89,159,http://10.0.10.10:9966/petclinic/api/owners,236,0,0
1538057635009,233,HTTP Request,200,,UserRest - Spike test 2-79,text,true,,3126,139,89,159,http://10.0.10.10:9966/petclinic/api/owners,233,0,1
1538057635002,241,HTTP Request,200,,UserRest - Spike test 2-96,text,true,,3126,139,88,158,http://10.0.10.10:9966/petclinic/api/owners,241,0,0
1538057635040,203,HTTP Request,200,,UserRest - Spike test 2-63,text,true,,3126,139,87,157,http://10.0.10.10:9966/petclinic/api/owners,203,0,2
1538057634968,278,HTTP Request,200,,UserRest - Spike test 2-43,text,true,,3126,139,87,157,http://10.0.10.10:9966/petclinic/api/owners,278,0,1
1538057634632,615,HTTP Request,200,,UserRest - Spike test 2-66,text,true,,3126,139,87,157,http://10.0.10.10:9966/petclinic/api/owners,615,0,1
1538057634732,516,HTTP Request,200,,UserRest - Spike test 2-52,text,true,,3126,139,87,157,http://10.0.10.10:9966/petclinic/api/owners,516,0,0
1538057634758,493,HTTP Request,200,,UserRest - Spike test 2-98,text,true,,3126,139,87,157,http://10.0.10.10:9966/petclinic/api/owners,493,0,1
1538057634784,468,HTTP Request,200,,UserRest - Spike test 2-61,text,true,,3126,139,86,156,http://10.0.10.10:9966/petclinic/api/owners,468,0,1
1538057634702,554,HTTP Request,200,,UserRest - Spike test 2-67,text,true,,3126,139,86,156,http://10.0.10.10:9966/petclinic/api/owners,554,0,1
1538057635094,165,HTTP Request,200,,UserRest - Spike test 2-73,text,true,,3126,139,86,156,http://10.0.10.10:9966/petclinic/api/owners,165,0,1
1538057635042,218,HTTP Request,200,,UserRest - Spike test 2-10,text,true,,3126,139,86,156,http://10.0.10.10:9966/petclinic/api/owners,218,0,1
1538057634788,472,HTTP Request,200,,UserRest - Spike test 2-26,text,true,,3126,139,86,156,http://10.0.10.10:9966/petclinic/api/owners,472,0,0
1538057635078,184,HTTP Request,200,,UserRest - Spike test 2-12,text,true,,3126,139,86,156,http://10.0.10.10:9966/petclinic/api/owners,183,0,2
1538057635167,96,HTTP Request,200,,UserRest - Spike test 2-30,text,true,,3126,139,86,156,http://10.0.10.10:9966/petclinic/api/owners,96,0,0
1538057635089,178,HTTP Request,200,,UserRest - Spike test 2-71,text,true,,3126,139,86,156,http://10.0.10.10:9966/petclinic/api/owners,178,0,0
1538057635163,106,HTTP Request,200,,UserRest - Spike test 2-5,text,true,,3126,139,86,156,http://10.0.10.10:9966/petclinic/api/owners,106,0,2
1538057635191,79,HTTP Request,200,,UserRest - Spike test 2-56,text,true,,3126,139,86,156,http://10.0.10.10:9966/petclinic/api/owners,79,0,1
1538057635205,65,HTTP Request,200,,UserRest - Spike test 2-42,text,true,,3126,139,86,156,http://10.0.10.10:9966/petclinic/api/owners,65,0,1
1538057635184,88,HTTP Request,200,,UserRest - Spike test 2-40,text,true,,3126,139,86,156,http://10.0.10.10:9966/petclinic/api/owners,88,0,1
1538057635075,197,HTTP Request,200,,UserRest - Spike test 2-4,text,true,,3126,139,86,156,http://10.0.10.10:9966/petclinic/api/owners,197,0,2
1538057635228,45,HTTP Request,200,,UserRest - Spike test 2-76,text,true,,3126,139,86,156,http://10.0.10.10:9966/petclinic/api/owners,44,0,2
1538057635199,76,HTTP Request,200,,UserRest - Spike test 2-55,text,true,,3126,139,85,155,http://10.0.10.10:9966/petclinic/api/owners,76,0,1
1538057635201,80,HTTP Request,200,,UserRest - Spike test 2-14,text,true,,3126,139,85,155,http://10.0.10.10:9966/petclinic/api/owners,80,0,1
1538057635226,57,HTTP Request,200,,UserRest - Spike test 2-31,text,true,,3126,139,85,155,http://10.0.10.10:9966/petclinic/api/owners,57,0,0
1538057635233,51,HTTP Request,200,,UserRest - Spike test 2-22,text,true,,3126,139,85,155,http://10.0.10.10:9966/petclinic/api/owners,51,0,0
1538057635182,102,HTTP Request,200,,UserRest - Spike test 2-39,text,true,,3126,139,85,155,http://10.0.10.10:9966/petclinic/api/owners,102,0,1
1538057635046,240,HTTP Request,200,,UserRest - Spike test 2-11,text,true,,3126,139,85,155,http://10.0.10.10:9966/petclinic/api/owners,239,0,1
1538057634800,486,HTTP Request,200,,UserRest - Spike test 2-46,text,true,,3126,139,85,155,http://10.0.10.10:9966/petclinic/api/owners,486,0,2
1538057634946,340,HTTP Request,200,,UserRest - Spike test 2-27,text,true,,3126,139,85,155,http://10.0.10.10:9966/petclinic/api/owners,340,0,1
1538057635096,193,HTTP Request,200,,UserRest - Spike test 2-19,text,true,,3126,139,85,155,http://10.0.10.10:9966/petclinic/api/owners,193,0,1
1538057635066,223,HTTP Request,200,,UserRest - Spike test 2-9,text,true,,3126,139,85,155,http://10.0.10.10:9966/petclinic/api/owners,223,0,3
1538057634936,354,HTTP Request,200,,UserRest - Spike test 2-29,text,true,,3126,139,85,155,http://10.0.10.10:9966/petclinic/api/owners,353,0,0
1538057635069,223,HTTP Request,200,,UserRest - Spike test 2-81,text,true,,3126,139,85,156,http://10.0.10.10:9966/petclinic/api/owners,223,0,1
1538057634948,345,HTTP Request,200,,UserRest - Spike test 2-18,text,true,,3126,139,84,155,http://10.0.10.10:9966/petclinic/api/owners,345,0,0
1538057635074,220,HTTP Request,200,,UserRest - Spike test 2-83,text,true,,3126,139,84,155,http://10.0.10.10:9966/petclinic/api/owners,219,0,1
1538057635072,225,HTTP Request,200,,UserRest - Spike test 2-75,text,true,,3126,139,83,154,http://10.0.10.10:9966/petclinic/api/owners,225,0,1
1538057635093,208,HTTP Request,200,,UserRest - Spike test 2-38,text,true,,3126,139,82,153,http://10.0.10.10:9966/petclinic/api/owners,207,0,1
1538057634790,512,HTTP Request,200,,UserRest - Spike test 2-95,text,true,,3126,139,82,153,http://10.0.10.10:9966/petclinic/api/owners,347,0,1
1538057635078,224,HTTP Request,200,,UserRest - Spike test 2-33,text,true,,3126,139,81,152,http://10.0.10.10:9966/petclinic/api/owners,224,0,2
1538057635063,241,HTTP Request,200,,UserRest - Spike test 2-72,text,true,,3126,139,81,152,http://10.0.10.10:9966/petclinic/api/owners,241,0,1
1538057634975,333,HTTP Request,200,,UserRest - Spike test 2-58,text,true,,3126,139,80,151,http://10.0.10.10:9966/petclinic/api/owners,333,0,0
1538057635093,213,HTTP Request,200,,UserRest - Spike test 2-25,text,true,,3126,139,80,151,http://10.0.10.10:9966/petclinic/api/owners,212,0,1
1538057634649,657,HTTP Request,200,,UserRest - Spike test 2-53,text,true,,3126,139,80,151,http://10.0.10.10:9966/petclinic/api/owners,489,0,0
1538057635064,246,HTTP Request,200,,UserRest - Spike test 2-3,text,true,,3126,139,80,151,http://10.0.10.10:9966/petclinic/api/owners,246,0,1
1538057634836,476,HTTP Request,200,,UserRest - Spike test 2-54,text,true,,3126,139,80,151,http://10.0.10.10:9966/petclinic/api/owners,304,0,1
1538057635209,103,HTTP Request,200,,UserRest - Spike test 2-7,text,true,,3126,139,80,151,http://10.0.10.10:9966/petclinic/api/owners,103,0,1
1538057634440,875,HTTP Request,200,,UserRest - Spike test 2-94,text,true,,3126,139,80,151,http://10.0.10.10:9966/petclinic/api/owners,701,0,1
1538057634971,346,HTTP Request,200,,UserRest - Spike test 2-84,text,true,,3126,139,79,150,http://10.0.10.10:9966/petclinic/api/owners,346,0,1
1538057635185,135,HTTP Request,200,,UserRest - Spike test 2-60,text,true,,3126,139,78,149,http://10.0.10.10:9966/petclinic/api/owners,135,0,0
1538057635194,131,HTTP Request,200,,UserRest - Spike test 2-20,text,true,,3126,139,78,149,http://10.0.10.10:9966/petclinic/api/owners,131,0,1
1538057635194,135,HTTP Request,200,,UserRest - Spike test 2-74,text,true,,3126,139,78,149,http://10.0.10.10:9966/petclinic/api/owners,135,0,1
1538057634998,336,HTTP Request,200,,UserRest - Spike test 2-37,text,true,,3126,139,77,148,http://10.0.10.10:9966/petclinic/api/owners,336,0,1
1538057635156,180,HTTP Request,200,,UserRest - Spike test 2-64,text,true,,3126,139,77,148,http://10.0.10.10:9966/petclinic/api/owners,179,0,1
1538057634977,360,HTTP Request,200,,UserRest - Spike test 2-2,text,true,,3126,139,77,148,http://10.0.10.10:9966/petclinic/api/owners,360,0,1
1538057635248,91,HTTP Request,200,,UserRest - Spike test 2-66,text,true,,3126,139,77,148,http://10.0.10.10:9966/petclinic/api/owners,91,0,0
1538057635081,261,HTTP Request,200,,UserRest - Spike test 2-86,text,true,,3126,139,76,147,http://10.0.10.10:9966/petclinic/api/owners,261,0,1
1538057635233,112,HTTP Request,200,,UserRest - Spike test 2-69,text,true,,3126,139,75,146,http://10.0.10.10:9966/petclinic/api/owners,111,0,0
1538057635043,303,HTTP Request,200,,UserRest - Spike test 2-90,text,true,,3126,139,74,145,http://10.0.10.10:9966/petclinic/api/owners,303,0,1
1538057635242,106,HTTP Request,200,,UserRest - Spike test 2-49,text,true,,3126,139,73,144,http://10.0.10.10:9966/petclinic/api/owners,63,0,0
1538057635162,188,HTTP Request,200,,UserRest - Spike test 2-15,text,true,,3126,139,73,144,http://10.0.10.10:9966/petclinic/api/owners,188,0,1
1538057635212,139,HTTP Request,200,,UserRest - Spike test 2-77,text,true,,3126,139,73,144,http://10.0.10.10:9966/petclinic/api/owners,139,0,1
1538057635302,59,HTTP Request,200,,UserRest - Spike test 2-33,text,true,,3126,139,72,143,http://10.0.10.10:9966/petclinic/api/owners,59,0,1
1538057635289,75,HTTP Request,200,,UserRest - Spike test 2-9,text,true,,3126,139,72,143,http://10.0.10.10:9966/petclinic/api/owners,75,0,1
1538057635293,72,HTTP Request,200,,UserRest - Spike test 2-18,text,true,,3126,139,72,143,http://10.0.10.10:9966/petclinic/api/owners,72,0,1
1538057635263,106,HTTP Request,200,,UserRest - Spike test 2-30,text,true,,3126,139,72,143,http://10.0.10.10:9966/petclinic/api/owners,106,0,0
1538057635270,99,HTTP Request,200,,UserRest - Spike test 2-56,text,true,,3126,139,72,143,http://10.0.10.10:9966/petclinic/api/owners,99,0,0
1538057635286,86,HTTP Request,200,,UserRest - Spike test 2-11,text,true,,3126,139,72,143,http://10.0.10.10:9966/petclinic/api/owners,86,0,1
1538057635230,145,HTTP Request,200,,UserRest - Spike test 2-34,text,true,,3126,139,72,143,http://10.0.10.10:9966/petclinic/api/owners,145,0,1
1538057635286,90,HTTP Request,200,,UserRest - Spike test 2-27,text,true,,3126,139,72,143,http://10.0.10.10:9966/petclinic/api/owners,90,0,1
1538057635281,95,HTTP Request,200,,UserRest - Spike test 2-14,text,true,,3126,139,72,143,http://10.0.10.10:9966/petclinic/api/owners,95,0,2
1538057635252,128,HTTP Request,200,,UserRest - Spike test 2-61,text,true,,3126,139,72,143,http://10.0.10.10:9966/petclinic/api/owners,127,0,1
1538057635289,91,HTTP Request,200,,UserRest - Spike test 2-19,text,true,,3126,139,72,143,http://10.0.10.10:9966/petclinic/api/owners,91,0,1
1538057635309,73,HTTP Request,200,,UserRest - Spike test 2-53,text,true,,3126,139,72,143,http://10.0.10.10:9966/petclinic/api/owners,73,0,0
1538057635312,72,HTTP Request,200,,UserRest - Spike test 2-54,text,true,,3126,139,72,143,http://10.0.10.10:9966/petclinic/api/owners,72,0,1
1538057635336,51,HTTP Request,200,,UserRest - Spike test 2-64,text,true,,3126,139,72,143,http://10.0.10.10:9966/petclinic/api/owners,51,0,0
1538057635236,154,HTTP Request,200,,UserRest - Spike test 2-17,text,true,,3126,139,71,142,http://10.0.10.10:9966/petclinic/api/owners,154,0,1
1538057635239,152,HTTP Request,200,,UserRest - Spike test 2-23,text,true,,3126,139,71,142,http://10.0.10.10:9966/petclinic/api/owners,152,0,1
1538057635350,43,HTTP Request,200,,UserRest - Spike test 2-15,text,true,,3126,139,71,142,http://10.0.10.10:9966/petclinic/api/owners,43,0,1
1538057635364,29,HTTP Request,200,,UserRest - Spike test 2-9,text,true,,3126,139,71,142,http://10.0.10.10:9966/petclinic/api/owners,29,0,1
1538057635372,25,HTTP Request,200,,UserRest - Spike test 2-11,text,true,,3126,139,71,142,http://10.0.10.10:9966/petclinic/api/owners,25,0,1
1538057635235,162,HTTP Request,200,,UserRest - Spike test 2-48,text,true,,3126,139,71,142,http://10.0.10.10:9966/petclinic/api/owners,162,0,0
1538057635369,32,HTTP Request,200,,UserRest - Spike test 2-56,text,true,,3126,139,71,142,http://10.0.10.10:9966/petclinic/api/owners,32,0,1
1538057635376,28,HTTP Request,200,,UserRest - Spike test 2-14,text,true,,3126,139,71,142,http://10.0.10.10:9966/petclinic/api/owners,28,0,2
1538057635238,168,HTTP Request,200,,UserRest - Spike test 2-28,text,true,,3126,139,71,142,http://10.0.10.10:9966/petclinic/api/owners,168,0,1
1538057635209,199,HTTP Request,200,,UserRest - Spike test 2-59,text,true,,3126,139,71,142,http://10.0.10.10:9966/petclinic/api/owners,198,0,1
1538057635256,153,HTTP Request,200,,UserRest - Spike test 2-67,text,true,,3126,139,70,141,http://10.0.10.10:9966/petclinic/api/owners,152,0,1
1538057635114,297,HTTP Request,200,,UserRest - Spike test 2-80,text,true,,3126,139,69,140,http://10.0.10.10:9966/petclinic/api/owners,297,0,1
1538057635391,21,HTTP Request,200,,UserRest - Spike test 2-23,text,true,,3126,139,68,139,http://10.0.10.10:9966/petclinic/api/owners,20,0,1
1538057635393,23,HTTP Request,200,,UserRest - Spike test 2-15,text,true,,3126,139,68,139,http://10.0.10.10:9966/petclinic/api/owners,23,0,0
1538057635397,19,HTTP Request,200,,UserRest - Spike test 2-11,text,true,,3126,139,68,139,http://10.0.10.10:9966/petclinic/api/owners,19,0,1
1538057635326,92,HTTP Request,200,,UserRest - Spike test 2-20,text,true,,3126,139,68,139,http://10.0.10.10:9966/petclinic/api/owners,92,0,0
1538057635246,173,HTTP Request,200,,UserRest - Spike test 2-43,text,true,,3126,139,68,139,http://10.0.10.10:9966/petclinic/api/owners,173,0,1
1538057635349,72,HTTP Request,200,,UserRest - Spike test 2-49,text,true,,3126,139,68,139,http://10.0.10.10:9966/petclinic/api/owners,72,0,0
1538057635186,241,HTTP Request,200,,UserRest - Spike test 2-57,text,true,,3126,139,68,139,http://10.0.10.10:9966/petclinic/api/owners,241,0,1
1538057635182,246,HTTP Request,200,,UserRest - Spike test 2-47,text,true,,3126,139,68,139,http://10.0.10.10:9966/petclinic/api/owners,246,0,1
1538057635380,51,HTTP Request,200,,UserRest - Spike test 2-19,text,true,,3126,139,67,138,http://10.0.10.10:9966/petclinic/api/owners,50,0,1
1538057635416,15,HTTP Request,200,,UserRest - Spike test 2-15,text,true,,3126,139,67,138,http://10.0.10.10:9966/petclinic/api/owners,15,0,0
1538057635428,5,HTTP Request,200,,UserRest - Spike test 2-47,text,true,,3126,139,67,138,http://10.0.10.10:9966/petclinic/api/owners,5,0,1
1538057635422,11,HTTP Request,200,,UserRest - Spike test 2-49,text,true,,3126,139,67,138,http://10.0.10.10:9966/petclinic/api/owners,11,0,4
1538057635418,19,HTTP Request,200,,UserRest - Spike test 2-20,text,true,,3126,139,67,138,http://10.0.10.10:9966/petclinic/api/owners,19,0,0
1538057635168,271,HTTP Request,200,,UserRest - Spike test 2-1,text,true,,3126,139,67,138,http://10.0.10.10:9966/petclinic/api/owners,271,0,1
1538057635222,221,HTTP Request,200,,UserRest - Spike test 2-21,text,true,,3126,139,67,138,http://10.0.10.10:9966/petclinic/api/owners,220,0,1
1538057635439,4,HTTP Request,200,,UserRest - Spike test 2-1,text,true,,3126,139,67,138,http://10.0.10.10:9966/petclinic/api/owners,4,0,0
1538057635433,11,HTTP Request,200,,UserRest - Spike test 2-47,text,true,,3126,139,67,138,http://10.0.10.10:9966/petclinic/api/owners,11,0,1
1538057635159,287,HTTP Request,200,,UserRest - Spike test 2-35,text,true,,3126,139,67,138,http://10.0.10.10:9966/petclinic/api/owners,286,0,1
1538057635248,199,HTTP Request,200,,UserRest - Spike test 2-52,text,true,,3126,139,67,138,http://10.0.10.10:9966/petclinic/api/owners,199,0,0
1538057635225,224,HTTP Request,200,,UserRest - Spike test 2-65,text,true,,3126,139,67,138,http://10.0.10.10:9966/petclinic/api/owners,224,0,1
1538057635216,247,HTTP Request,200,,UserRest - Spike test 2-6,text,true,,3126,139,66,137,http://10.0.10.10:9966/petclinic/api/owners,247,0,0
1538057635244,225,HTTP Request,200,,UserRest - Spike test 2-63,text,true,,3126,139,66,137,http://10.0.10.10:9966/petclinic/api/owners,224,0,0
1538057635445,25,HTTP Request,200,,UserRest - Spike test 2-47,text,true,,3126,139,65,136,http://10.0.10.10:9966/petclinic/api/owners,25,0,0
1538057635272,202,HTTP Request,200,,UserRest - Spike test 2-40,text,true,,3126,139,65,136,http://10.0.10.10:9966/petclinic/api/owners,202,0,0
1538057635236,244,HTTP Request,200,,UserRest - Spike test 2-8,text,true,,3126,139,65,136,http://10.0.10.10:9966/petclinic/api/owners,244,0,1
1538057635443,38,HTTP Request,200,,UserRest - Spike test 2-21,text,true,,3126,139,65,136,http://10.0.10.10:9966/petclinic/api/owners,38,0,1
1538057635261,220,HTTP Request,200,,UserRest - Spike test 2-26,text,true,,3126,139,65,136,http://10.0.10.10:9966/petclinic/api/owners,220,0,0
1538057635191,293,HTTP Request,200,,UserRest - Spike test 2-45,text,true,,3126,139,65,136,http://10.0.10.10:9966/petclinic/api/owners,293,0,1
1538057635222,264,HTTP Request,200,,UserRest - Spike test 2-41,text,true,,3126,139,65,136,http://10.0.10.10:9966/petclinic/api/owners,263,0,1
1538057635390,103,HTTP Request,200,,UserRest - Spike test 2-17,text,true,,3126,139,65,136,http://10.0.10.10:9966/petclinic/api/owners,103,0,1
1538057635412,82,HTTP Request,200,,UserRest - Spike test 2-23,text,true,,3126,139,65,136,http://10.0.10.10:9966/petclinic/api/owners,81,0,1
1538057635393,105,HTTP Request,200,,UserRest - Spike test 2-9,text,true,,3126,139,65,136,http://10.0.10.10:9966/petclinic/api/owners,104,0,0
1538057635301,199,HTTP Request,200,,UserRest - Spike test 2-38,text,true,,3126,139,65,136,http://10.0.10.10:9966/petclinic/api/owners,199,0,1
1538057635380,121,HTTP Request,200,,UserRest - Spike test 2-61,text,true,,3126,139,65,136,http://10.0.10.10:9966/petclinic/api/owners,120,0,1
1538057635416,121,HTTP Request,200,,UserRest - Spike test 2-11,text,true,,3126,139,64,135,http://10.0.10.10:9966/petclinic/api/owners,120,0,2
1538057635309,230,HTTP Request,200,,UserRest - Spike test 2-25,text,true,,3126,139,64,135,http://10.0.10.10:9966/petclinic/api/owners,230,0,0
1538057635443,98,HTTP Request,200,,UserRest - Spike test 2-1,text,true,,3126,139,64,135,http://10.0.10.10:9966/petclinic/api/owners,98,0,1
1538057635337,207,HTTP Request,200,,UserRest - Spike test 2-2,text,true,,3126,139,64,135,http://10.0.10.10:9966/petclinic/api/owners,206,0,2
1538057635262,284,HTTP Request,200,,UserRest - Spike test 2-12,text,true,,3126,139,64,135,http://10.0.10.10:9966/petclinic/api/owners,284,0,1
1538057635290,258,HTTP Request,200,,UserRest - Spike test 2-29,text,true,,3126,139,64,135,http://10.0.10.10:9966/petclinic/api/owners,257,0,0
1538057635334,217,HTTP Request,200,,UserRest - Spike test 2-37,text,true,,3126,139,64,135,http://10.0.10.10:9966/petclinic/api/owners,217,0,1
1538057635448,107,HTTP Request,200,,UserRest - Spike test 2-52,text,true,,3126,139,64,135,http://10.0.10.10:9966/petclinic/api/owners,107,0,1
1538057635269,294,HTTP Request,200,,UserRest - Spike test 2-5,text,true,,3126,139,63,134,http://10.0.10.10:9966/petclinic/api/owners,294,0,0
1538057635310,254,HTTP Request,200,,UserRest - Spike test 2-3,text,true,,3126,139,63,134,http://10.0.10.10:9966/petclinic/api/owners,254,0,1
1538057635563,2,HTTP Request,Non HTTP response code: java.net.BindException,Non HTTP response message: Address already in use: connect,UserRest - Spike test 2-5,text,false,,2531,0,63,134,http://10.0.10.10:9966/petclinic/api/owners,0,0,2
1538057635565,2,HTTP Request,Non HTTP response code: java.net.BindException,Non HTTP response message: Address already in use: connect,UserRest - Spike test 2-5,text,false,,2531,0,63,134,http://10.0.10.10:9966/petclinic/api/owners,0,0,2
1538057635565,2,HTTP Request,Non HTTP response code: java.net.BindException,Non HTTP response message: Address already in use: connect,UserRest - Spike test 2-3,text,false,,2531,0,63,134,http://10.0.10.10:9966/petclinic/api/owners,0,0,2
1538057635376,193,HTTP Request,200,,UserRest - Spike test 2-27,text,true,,3126,139,63,134,http://10.0.10.10:9966/petclinic/api/owners,193,0,0
1538057635463,113,HTTP Request,200,,UserRest - Spike test 2-6,text,true,,3126,139,63,134,http://10.0.10.10:9966/petclinic/api/owners,112,0,2
1538057635309,268,HTTP Request,200,,UserRest - Spike test 2-58,text,true,,3126,139,63,134,http://10.0.10.10:9966/petclinic/api/owners,268,0,0
1538057635284,294,HTTP Request,200,,UserRest - Spike test 2-39,text,true,,3126,139,63,134,http://10.0.10.10:9966/petclinic/api/owners,294,0,2
1538057635567,12,HTTP Request,Non HTTP response code: java.net.BindException,Non HTTP response message: Address already in use: connect,UserRest - Spike test 2-5,text,false,,2531,0,63,134,http://10.0.10.10:9966/petclinic/api/owners,0,0,12
1538057635567,13,HTTP Request,Non HTTP response code: java.net.BindException,Non HTTP response message: Address already in use: connect,UserRest - Spike test 2-3,text,false,,2531,0,63,134,http://10.0.10.10:9966/petclinic/api/owners,0,0,13
1538057635259,322,HTTP Request,200,,UserRest - Spike test 2-73,text,true,,3126,139,63,134,http://10.0.10.10:9966/petclinic/api/owners,321,0,1
1538057635365,217,HTTP Request,200,,UserRest - Spike test 2-18,text,true,,3126,139,63,134,http://10.0.10.10:9966/petclinic/api/owners,217,0,1
1538057635275,308,HTTP Request,200,,UserRest - Spike test 2-55,text,true,,3126,139,63,134,http://10.0.10.10:9966/petclinic/api/owners,308,0,1
1538057635471,113,HTTP Request,200,,UserRest - Spike test 2-47,text,true,,3126,139,63,134,http://10.0.10.10:9966/petclinic/api/owners,113,0,0
1538057634832,753,HTTP Request,200,,UserRest - Spike test 2-68,text,true,,3126,139,63,134,http://10.0.10.10:9966/petclinic/api/owners,319,0,1
1538057635361,225,HTTP Request,200,,UserRest - Spike test 2-33,text,true,,3126,139,63,134,http://10.0.10.10:9966/petclinic/api/owners,225,0,1
1538057635313,279,HTTP Request,200,,UserRest - Spike test 2-7,text,true,,3126,139,63,135,http://10.0.10.10:9966/petclinic/api/owners,279,0,0
1538057635573,19,HTTP Request,Non HTTP response code: java.net.BindException,Non HTTP response message: Address already in use: connect,UserRest - Spike test 2-27,text,false,,2531,0,63,135,http://10.0.10.10:9966/petclinic/api/owners,0,0,19
1538057635267,331,HTTP Request,200,,UserRest - Spike test 2-71,text,true,,3126,139,62,134,http://10.0.10.10:9966/petclinic/api/owners,331,0,1
1538057634825,773,HTTP Request,200,,UserRest - Spike test 2-32,text,true,,3126,139,62,134,http://10.0.10.10:9966/petclinic/api/owners,326,0,1
1538057635481,119,HTTP Request,200,,UserRest - Spike test 2-26,text,true,,3126,139,62,134,http://10.0.10.10:9966/petclinic/api/owners,119,0,0
1538057635382,218,HTTP Request,200,,UserRest - Spike test 2-53,text,true,,3126,139,62,134,http://10.0.10.10:9966/petclinic/api/owners,218,0,1
1538057635480,121,HTTP Request,200,,UserRest - Spike test 2-8,text,true,,3126,139,62,134,http://10.0.10.10:9966/petclinic/api/owners,121,0,0
1538057634700,902,HTTP Request,200,,UserRest - Spike test 2-88,text,true,,3126,139,62,134,http://10.0.10.10:9966/petclinic/api/owners,452,0,1
1538057635579,25,HTTP Request,Non HTTP response code: java.net.BindException,Non HTTP response message: Address already in use: connect,UserRest - Spike test 2-5,text,false,,2531,0,62,134,http://10.0.10.10:9966/petclinic/api/owners,0,0,25
1538057635580,27,HTTP Request,Non HTTP response code: java.net.BindException,Non HTTP response message: Address already in use: connect,UserRest - Spike test 2-3,text,false,,2531,0,61,133,http://10.0.10.10:9966/petclinic/api/owners,0,0,27
1538057635375,233,HTTP Request,200,,UserRest - Spike test 2-34,text,true,,3126,139,61,133,http://10.0.10.10:9966/petclinic/api/owners,233,0,1
1538057635481,132,HTTP Request,200,,UserRest - Spike test 2-21,text,true,,3126,139,58,130,http://10.0.10.10:9966/petclinic/api/owners,132,0,0
1538057635062,553,HTTP Request,200,,UserRest - Spike test 2-13,text,true,,3126,139,58,130,http://10.0.10.10:9966/petclinic/api/owners,144,0,0
1538057634756,859,HTTP Request,200,,UserRest - Spike test 2-50,text,true,,3126,139,58,130,http://10.0.10.10:9966/petclinic/api/owners,407,0,1
1538057635320,296,HTTP Request,200,,UserRest - Spike test 2-60,text,true,,3126,139,58,130,http://10.0.10.10:9966/petclinic/api/owners,296,0,1
1538057635547,72,HTTP Request,200,,UserRest - Spike test 2-12,text,true,,3126,139,58,130,http://10.0.10.10:9966/petclinic/api/owners,72,0,0
1538057635500,126,HTTP Request,200,,UserRest - Spike test 2-38,text,true,,3126,139,58,130,http://10.0.10.10:9966/petclinic/api/owners,126,0,1
1538057635494,138,HTTP Request,200,,UserRest - Spike test 2-17,text,true,,3126,139,58,130,http://10.0.10.10:9966/petclinic/api/owners,138,0,0
1538057635498,136,HTTP Request,200,,UserRest - Spike test 2-9,text,true,,3126,139,58,130,http://10.0.10.10:9966/petclinic/api/owners,135,0,1
1538057635385,250,HTTP Request,200,,UserRest - Spike test 2-54,text,true,,3126,139,58,130,http://10.0.10.10:9966/petclinic/api/owners,250,0,1
1538057635537,100,HTTP Request,200,,UserRest - Spike test 2-11,text,true,,3126,139,58,130,http://10.0.10.10:9966/petclinic/api/owners,100,0,1
1538057635420,217,HTTP Request,200,,UserRest - Spike test 2-43,text,true,,3126,139,58,130,http://10.0.10.10:9966/petclinic/api/owners,217,0,1
1538057635590,49,HTTP Request,Non HTTP response code: java.net.BindException,Non HTTP response message: Address already in use: connect,UserRest - Spike test 2-6,text,false,,2531,0,58,130,http://10.0.10.10:9966/petclinic/api/owners,0,0,49
1538057635548,92,HTTP Request,200,,UserRest - Spike test 2-29,text,true,,3126,139,58,130,http://10.0.10.10:9966/petclinic/api/owners,91,0,0
1538057635494,148,HTTP Request,200,,UserRest - Spike test 2-23,text,true,,3126,139,58,130,http://10.0.10.10:9966/petclinic/api/owners,148,0,0
1538057635551,92,HTTP Request,200,,UserRest - Spike test 2-37,text,true,,3126,139,58,130,http://10.0.10.10:9966/petclinic/api/owners,92,0,1
1538057635541,102,HTTP Request,200,,UserRest - Spike test 2-1,text,true,,3126,139,58,130,http://10.0.10.10:9966/petclinic/api/owners,102,0,1
1538057635592,55,HTTP Request,Non HTTP response code: java.net.BindException,Non HTTP response message: Address already in use: connect,UserRest - Spike test 2-27,text,false,,2531,0,57,129,http://10.0.10.10:9966/petclinic/api/owners,0,0,54
1538057635544,105,HTTP Request,200,,UserRest - Spike test 2-2,text,true,,3126,139,57,129,http://10.0.10.10:9966/petclinic/api/owners,105,0,0
1538057635598,53,HTTP Request,Non HTTP response code: java.net.BindException,Non HTTP response message: Address already in use: connect,UserRest - Spike test 2-39,text,false,,2531,0,56,128,http://10.0.10.10:9966/petclinic/api/owners,0,0,53
1538057635406,249,HTTP Request,200,,UserRest - Spike test 2-28,text,true,,3126,139,54,126,http://10.0.10.10:9966/petclinic/api/owners,224,0,0
1538057635437,219,HTTP Request,200,,UserRest - Spike test 2-20,text,true,,3126,139,54,126,http://10.0.10.10:9966/petclinic/api/owners,219,0,0
1538057635240,417,HTTP Request,200,,UserRest - Spike test 2-62,text,true,,3126,139,54,126,http://10.0.10.10:9966/petclinic/api/owners,416,0,2
1538057635431,227,HTTP Request,200,,UserRest - Spike test 2-19,text,true,,3126,139,54,126,http://10.0.10.10:9966/petclinic/api/owners,227,0,1
1538057635201,459,HTTP Request,200,,UserRest - Spike test 2-51,text,true,,3126,139,54,126,http://10.0.10.10:9966/petclinic/api/owners,459,0,1
1538057635604,56,HTTP Request,Non HTTP response code: java.net.BindException,Non HTTP response message: Address already in use: connect,UserRest - Spike test 2-5,text,false,,2531,0,54,126,http://10.0.10.10:9966/petclinic/api/owners,0,0,56
1538057635486,177,HTTP Request,200,,UserRest - Spike test 2-41,text,true,,3126,139,54,126,http://10.0.10.10:9966/petclinic/api/owners,177,0,0
1538057635607,56,HTTP Request,Non HTTP response code: java.net.BindException,Non HTTP response message: Address already in use: connect,UserRest - Spike test 2-18,text,false,,2531,0,54,126,http://10.0.10.10:9966/petclinic/api/owners,0,0,56
1538057635220,445,HTTP Request,200,,UserRest - Spike test 2-24,text,true,,3126,139,54,126,http://10.0.10.10:9966/petclinic/api/owners,445,0,0
1538057635608,59,HTTP Request,Non HTTP response code: java.net.BindException,Non HTTP response message: Address already in use: connect,UserRest - Spike test 2-3,text,false,,2531,0,54,126,http://10.0.10.10:9966/petclinic/api/owners,0,0,59
1538057635197,471,HTTP Request,200,,UserRest - Spike test 2-44,text,true,,3126,139,54,126,http://10.0.10.10:9966/petclinic/api/owners,471,0,0
1538057635284,386,HTTP Request,200,,UserRest - Spike test 2-22,text,true,,3126,139,54,126,http://10.0.10.10:9966/petclinic/api/owners,386,0,0
1538057635228,443,HTTP Request,200,,UserRest - Spike test 2-16,text,true,,3126,139,54,126,http://10.0.10.10:9966/petclinic/api/owners,443,0,1
1538057635270,406,HTTP Request,200,,UserRest - Spike test 2-42,text,true,,3126,139,53,125,http://10.0.10.10:9966/petclinic/api/owners,406,0,1
1538057635612,65,HTTP Request,Non HTTP response code: java.net.BindException,Non HTTP response message: Address already in use: connect,UserRest - Spike test 2-33,text,false,,2531,0,52,124,http://10.0.10.10:9966/petclinic/api/owners,0,0,65
1538057635401,280,HTTP Request,200,,UserRest - Spike test 2-56,text,true,,3126,139,51,123,http://10.0.10.10:9966/petclinic/api/owners,280,0,1
1538057635369,315,HTTP Request,200,,UserRest - Spike test 2-30,text,true,,3126,139,51,123,http://10.0.10.10:9966/petclinic/api/owners,315,0,1
1538057635446,241,HTTP Request,200,,UserRest - Spike test 2-35,text,true,,3126,139,51,123,http://10.0.10.10:9966/petclinic/api/owners,241,0,0
1538057635273,418,HTTP Request,200,,UserRest - Spike test 2-4,text,true,,3126,139,50,122,http://10.0.10.10:9966/petclinic/api/owners,417,0,1
1538057635433,259,HTTP Request,200,,UserRest - Spike test 2-49,text,true,,3126,139,50,122,http://10.0.10.10:9966/petclinic/api/owners,258,0,1
1538057635102,590,HTTP Request,200,,UserRest - Spike test 2-70,text,true,,3126,139,50,122,http://10.0.10.10:9966/petclinic/api/owners,590,0,1
1538057635286,408,HTTP Request,200,,UserRest - Spike test 2-46,text,true,,3126,139,50,122,http://10.0.10.10:9966/petclinic/api/owners,407,0,0
1538057635404,293,HTTP Request,200,,UserRest - Spike test 2-14,text,true,,3126,139,50,122,http://10.0.10.10:9966/petclinic/api/owners,293,0,1
1538057635260,437,HTTP Request,200,,UserRest - Spike test 2-10,text,true,,3126,139,50,122,http://10.0.10.10:9966/petclinic/api/owners,437,0,1
1538057635484,215,HTTP Request,200,,UserRest - Spike test 2-45,text,true,,3126,139,50,122,http://10.0.10.10:9966/petclinic/api/owners,215,0,1
1538057635474,228,HTTP Request,200,,UserRest - Spike test 2-40,text,true,,3126,139,50,122,http://10.0.10.10:9966/petclinic/api/owners,228,0,1
1538057635210,497,HTTP Request,200,,UserRest - Spike test 2-36,text,true,,3126,139,50,122,http://10.0.10.10:9966/petclinic/api/owners,497,0,1
1538057635431,277,HTTP Request,200,,UserRest - Spike test 2-15,text,true,,3126,139,50,122,http://10.0.10.10:9966/petclinic/api/owners,276,0,1
1538057635631,77,HTTP Request,Non HTTP response code: java.net.BindException,Non HTTP response message: Address already in use: connect,UserRest - Spike test 2-7,text,false,,2531,0,50,122,http://10.0.10.10:9966/petclinic/api/owners,0,0,77
1538057635539,170,HTTP Request,200,,UserRest - Spike test 2-25,text,true,,3126,139,50,122,http://10.0.10.10:9966/petclinic/api/owners,170,0,2
1538057635283,438,HTTP Request,200,,UserRest - Spike test 2-31,text,true,,3126,139,48,120,http://10.0.10.10:9966/petclinic/api/owners,438,0,0
1538057635397,324,HTTP Request,200,,UserRest - Spike test 2-48,text,true,,3126,139,48,120,http://10.0.10.10:9966/petclinic/api/owners,324,0,1
1538057635639,86,HTTP Request,Non HTTP response code: java.net.BindException,Non HTTP response message: Address already in use: connect,UserRest - Spike test 2-6,text,false,,2531,0,47,119,http://10.0.10.10:9966/petclinic/api/owners,0,0,86
1538057635647,94,HTTP Request,Non HTTP response code: java.net.BindException,Non HTTP response message: Address already in use: connect,UserRest - Spike test 2-27,text,false,,2531,0,47,119,http://10.0.10.10:9966/petclinic/api/owners,0,0,94
1538057635648,95,HTTP Request,Non HTTP response code: java.net.BindException,Non HTTP response message: Address already in use: connect,UserRest - Spike test 2-32,text,false,,2531,0,46,118,http://10.0.10.10:9966/petclinic/api/owners,0,0,95
1538057635651,94,HTTP Request,Non HTTP response code: java.net.BindException,Non HTTP response message: Address already in use: connect,UserRest - Spike test 2-8,text,false,,2531,0,45,117,http://10.0.10.10:9966/petclinic/api/owners,0,0,94
1538057635651,94,HTTP Request,Non HTTP response code: java.net.BindException,Non HTTP response message: Address already in use: connect,UserRest - Spike test 2-26,text,false,,2531,0,45,117,http://10.0.10.10:9966/petclinic/api/owners,0,0,94
1538057635660,106,HTTP Request,Non HTTP response code: java.net.BindException,Non HTTP response message: Address already in use: connect,UserRest - Spike test 2-5,text,false,,2531,0,41,113,http://10.0.10.10:9966/petclinic/api/owners,0,0,106
1538057635662,104,HTTP Request,Non HTTP response code: java.net.BindException,Non HTTP response message: Address already in use: connect,UserRest - Spike test 2-34,text,false,,2531,0,41,113,http://10.0.10.10:9966/petclinic/api/owners,0,0,104
1538057635663,103,HTTP Request,Non HTTP response code: java.net.BindException,Non HTTP response message: Address already in use: connect,UserRest - Spike test 2-18,text,false,,2531,0,41,113,http://10.0.10.10:9966/petclinic/api/owners,0,0,103
1538057635668,109,HTTP Request,Non HTTP response code: java.net.BindException,Non HTTP response message: Address already in use: connect,UserRest - Spike test 2-3,text,false,,2531,0,39,111,http://10.0.10.10:9966/petclinic/api/owners,0,0,109
1538057635671,114,HTTP Request,Non HTTP response code: java.net.BindException,Non HTTP response message: Address already in use: connect,UserRest - Spike test 2-21,text,false,,2531,0,39,111,http://10.0.10.10:9966/petclinic/api/owners,0,0,114
1538057635673,115,HTTP Request,Non HTTP response code: java.net.BindException,Non HTTP response message: Address already in use: connect,UserRest - Spike test 2-13,text,false,,2531,0,38,110,http://10.0.10.10:9966/petclinic/api/owners,0,0,115
1538057635679,121,HTTP Request,Non HTTP response code: java.net.BindException,Non HTTP response message: Address already in use: connect,UserRest - Spike test 2-12,text,false,,2531,0,37,109,http://10.0.10.10:9966/petclinic/api/owners,0,0,121
1538057635701,129,HTTP Request,Non HTTP response code: java.net.BindException,Non HTTP response message: Address already in use: connect,UserRest - Spike test 2-17,text,false,,2531,0,31,103,http://10.0.10.10:9966/petclinic/api/owners,0,0,129
1538057635707,132,HTTP Request,Non HTTP response code: java.net.BindException,Non HTTP response message: Address already in use: connect,UserRest - Spike test 2-9,text,false,,2531,0,29,101,http://10.0.10.10:9966/petclinic/api/owners,0,0,132
1538057635708,134,HTTP Request,Non HTTP response code: java.net.BindException,Non HTTP response message: Address already in use: connect,UserRest - Spike test 2-7,text,false,,2531,0,29,101,http://10.0.10.10:9966/petclinic/api/owners,0,0,134
1538057635713,134,HTTP Request,Non HTTP response code: java.net.BindException,Non HTTP response message: Address already in use: connect,UserRest - Spike test 2-11,text,false,,2531,0,29,101,http://10.0.10.10:9966/petclinic/api/owners,0,0,134
1538057635718,137,HTTP Request,Non HTTP response code: java.net.BindException,Non HTTP response message: Address already in use: connect,UserRest - Spike test 2-29,text,false,,2531,0,29,101,http://10.0.10.10:9966/petclinic/api/owners,0,0,137
1538057635720,138,HTTP Request,Non HTTP response code: java.net.BindException,Non HTTP response message: Address already in use: connect,UserRest - Spike test 2-23,text,false,,2531,0,26,98,http://10.0.10.10:9966/petclinic/api/owners,0,0,138
1538057635725,134,HTTP Request,Non HTTP response code: java.net.BindException,Non HTTP response message: Address already in use: connect,UserRest - Spike test 2-6,text,false,,2531,0,25,97,http://10.0.10.10:9966/petclinic/api/owners,0,0,134
1538057635727,133,HTTP Request,Non HTTP response code: java.net.BindException,Non HTTP response message: Address already in use: connect,UserRest - Spike test 2-1,text,false,,2531,0,25,97,http://10.0.10.10:9966/petclinic/api/owners,0,0,133
1538057635739,134,HTTP Request,Non HTTP response code: java.net.BindException,Non HTTP response message: Address already in use: connect,UserRest - Spike test 2-2,text,false,,2531,0,25,97,http://10.0.10.10:9966/petclinic/api/owners,0,0,134
1538057635745,133,HTTP Request,Non HTTP response code: java.net.BindException,Non HTTP response message: Address already in use: connect,UserRest - Spike test 2-8,text,false,,2531,0,25,97,http://10.0.10.10:9966/petclinic/api/owners,0,0,133
1538057635748,134,HTTP Request,Non HTTP response code: java.net.BindException,Non HTTP response message: Address already in use: connect,UserRest - Spike test 2-28,text,false,,2531,0,25,97,http://10.0.10.10:9966/petclinic/api/owners,0,0,134
1538057635752,132,HTTP Request,Non HTTP response code: java.net.BindException,Non HTTP response message: Address already in use: connect,UserRest - Spike test 2-20,text,false,,2531,0,24,96,http://10.0.10.10:9966/petclinic/api/owners,0,0,132
1538057635755,131,HTTP Request,Non HTTP response code: java.net.BindException,Non HTTP response message: Address already in use: connect,UserRest - Spike test 2-19,text,false,,2531,0,23,95,http://10.0.10.10:9966/petclinic/api/owners,0,0,131
1538057635766,130,HTTP Request,Non HTTP response code: java.net.BindException,Non HTTP response message: Address already in use: connect,UserRest - Spike test 2-24,text,false,,2531,0,22,95,http://10.0.10.10:9966/petclinic/api/owners,0,0,130
1538057635766,132,HTTP Request,Non HTTP response code: java.net.BindException,Non HTTP response message: Address already in use: connect,UserRest - Spike test 2-5,text,false,,2531,0,21,94,http://10.0.10.10:9966/petclinic/api/owners,0,0,132
1538057635766,132,HTTP Request,Non HTTP response code: java.net.BindException,Non HTTP response message: Address already in use: connect,UserRest - Spike test 2-18,text,false,,2531,0,21,94,http://10.0.10.10:9966/petclinic/api/owners,0,0,132
1538057635777,125,HTTP Request,Non HTTP response code: java.net.BindException,Non HTTP response message: Address already in use: connect,UserRest - Spike test 2-3,text,false,,2531,0,20,93,http://10.0.10.10:9966/petclinic/api/owners,0,0,125
1538057635779,125,HTTP Request,Non HTTP response code: java.net.BindException,Non HTTP response message: Address already in use: connect,UserRest - Spike test 2-22,text,false,,2531,0,20,93,http://10.0.10.10:9966/petclinic/api/owners,0,0,125
1538057635780,125,HTTP Request,Non HTTP response code: java.net.BindException,Non HTTP response message: Address already in use: connect,UserRest - Spike test 2-16,text,false,,2531,0,19,92,http://10.0.10.10:9966/petclinic/api/owners,0,0,125
1538057635785,121,HTTP Request,Non HTTP response code: java.net.BindException,Non HTTP response message: Address already in use: connect,UserRest - Spike test 2-21,text,false,,2531,0,18,91,http://10.0.10.10:9966/petclinic/api/owners,0,0,121
1538057635788,118,HTTP Request,Non HTTP response code: java.net.BindException,Non HTTP response message: Address already in use: connect,UserRest - Spike test 2-13,text,false,,2531,0,17,90,http://10.0.10.10:9966/petclinic/api/owners,0,0,118
1538057635801,111,HTTP Request,Non HTTP response code: java.net.BindException,Non HTTP response message: Address already in use: connect,UserRest - Spike test 2-30,text,false,,2531,0,16,89,http://10.0.10.10:9966/petclinic/api/owners,0,0,111
1538057635801,113,HTTP Request,Non HTTP response code: java.net.BindException,Non HTTP response message: Address already in use: connect,UserRest - Spike test 2-12,text,false,,2531,0,15,88,http://10.0.10.10:9966/petclinic/api/owners,0,0,113
1538057635809,113,HTTP Request,Non HTTP response code: java.net.BindException,Non HTTP response message: Address already in use: connect,UserRest - Spike test 2-4,text,false,,2531,0,14,87,http://10.0.10.10:9966/petclinic/api/owners,0,0,113
1538057635817,115,HTTP Request,Non HTTP response code: java.net.BindException,Non HTTP response message: Address already in use: connect,UserRest - Spike test 2-10,text,false,,2531,0,14,87,http://10.0.10.10:9966/petclinic/api/owners,0,0,115
1538057635819,115,HTTP Request,Non HTTP response code: java.net.BindException,Non HTTP response message: Address already in use: connect,UserRest - Spike test 2-14,text,false,,2531,0,13,86,http://10.0.10.10:9966/petclinic/api/owners,0,0,115
1538057635839,108,HTTP Request,Non HTTP response code: java.net.BindException,Non HTTP response message: Address already in use: connect,UserRest - Spike test 2-15,text,false,,2531,0,12,85,http://10.0.10.10:9966/petclinic/api/owners,0,0,108
1538057635839,112,HTTP Request,Non HTTP response code: java.net.BindException,Non HTTP response message: Address already in use: connect,UserRest - Spike test 2-9,text,false,,2531,0,11,84,http://10.0.10.10:9966/petclinic/api/owners,0,0,112
1538057635839,113,HTTP Request,Non HTTP response code: java.net.BindException,Non HTTP response message: Address already in use: connect,UserRest - Spike test 2-25,text,false,,2531,0,10,83,http://10.0.10.10:9966/petclinic/api/owners,0,0,113
1538057635842,111,HTTP Request,Non HTTP response code: java.net.BindException,Non HTTP response message: Address already in use: connect,UserRest - Spike test 2-7,text,false,,2531,0,9,82,http://10.0.10.10:9966/petclinic/api/owners,0,0,111
1538057635847,113,HTTP Request,Non HTTP response code: java.net.BindException,Non HTTP response message: Address already in use: connect,UserRest - Spike test 2-11,text,false,,2531,0,8,81,http://10.0.10.10:9966/petclinic/api/owners,0,0,113
1538057635859,118,HTTP Request,Non HTTP response code: java.net.BindException,Non HTTP response message: Address already in use: connect,UserRest - Spike test 2-6,text,false,,2531,0,7,80,http://10.0.10.10:9966/petclinic/api/owners,0,0,118
1538057635860,118,HTTP Request,Non HTTP response code: java.net.BindException,Non HTTP response message: Address already in use: connect,UserRest - Spike test 2-1,text,false,,2531,0,6,79,http://10.0.10.10:9966/petclinic/api/owners,0,0,118
1538057635873,117,HTTP Request,Non HTTP response code: java.net.BindException,Non HTTP response message: Address already in use: connect,UserRest - Spike test 2-2,text,false,,2531,0,6,79,http://10.0.10.10:9966/petclinic/api/owners,0,0,117
1538057635878,115,HTTP Request,Non HTTP response code: java.net.BindException,Non HTTP response message: Address already in use: connect,UserRest - Spike test 2-8,text,false,,2531,0,5,78,http://10.0.10.10:9966/petclinic/api/owners,0,0,115
1538057635898,108,HTTP Request,Non HTTP response code: java.net.BindException,Non HTTP response message: Address already in use: connect,UserRest - Spike test 2-5,text,false,,2531,0,4,77,http://10.0.10.10:9966/petclinic/api/owners,0,0,108
1538057635902,109,HTTP Request,Non HTTP response code: java.net.BindException,Non HTTP response message: Address already in use: connect,UserRest - Spike test 2-3,text,false,,2531,0,3,76,http://10.0.10.10:9966/petclinic/api/owners,0,0,109
1538057635922,114,HTTP Request,Non HTTP response code: java.net.BindException,Non HTTP response message: Address already in use: connect,UserRest - Spike test 2-4,text,false,,2531,0,2,75,http://10.0.10.10:9966/petclinic/api/owners,0,0,114
1538057635978,89,HTTP Request,Non HTTP response code: java.net.BindException,Non HTTP response message: Address already in use: connect,UserRest - Spike test 2-1,text,false,,2531,0,1,74,http://10.0.10.10:9966/petclinic/api/owners,0,0,89
